channel,url,emails,twitter_x,instagram,tiktok,facebook,linkedin,twitch,discord,patreon,youtube,snapchat,pinterest,threads,spotify,apple_podcasts,soundcloud,reddit,github
@mkbhd,https://www.youtube.com/@mkbhd/about,"business@MKBHD.com, business@MKBHD.comNYC, nbusiness@MKBHD.com","http://twitter.com/MKBHD, twitter.com/MKBHD","http://instagram.com/MKBHD, instagram.com/MKBHD",,http://facebook.com/MKBHD,,,"discord.gg/MKBHD, http://discord.gg/MKBHD",,"http://www.youtube.com/@mkbhd, http://youtube.com/c/TheStudio, https://www.youtube.com/@mkbhd, https://www.youtube.com/channel/UCBJycsmduvYEL83R_U4JriQ, www.youtube.com/@mkbhd, www.youtube.com/channel/UCBJycsmduvYEL83R_U4JriQ, youtube.com/@mkbhd, youtube.com/c/TheStudio, youtube.com/channel/UCBJycsmduvYEL83R_U4JriQ",,,,,,,"http://reddit.com/r/MKBHD, reddit.com/r/MKBHD",
@veritasium,https://www.youtube.com/@veritasium/about,,"http://twitter.com/veritasium, twitter.com/veritasium","https://www.instagram.com/veritasium_daily, instagram.com/veritasium_daily","https://www.tiktok.com/@veritasium, tiktok.com/@veritasium","facebook.com/veritasium, http://facebook.com/veritasium",,,,"https://patreon.com/veritasium, patreon.com/veritasium","http://www.youtube.com/@veritasium, https://www.youtube.com/@veritasium, https://www.youtube.com/channel/UCHnyfMqiRRG1u-2MsSQLbXA, www.youtube.com/@veritasium, www.youtube.com/channel/UCHnyfMqiRRG1u-2MsSQLbXA, youtube.com/@veritasium, youtube.com/channel/UCHnyfMqiRRG1u-2MsSQLbXA",,,,,,,,
@kurzgesagt,https://www.youtube.com/@kurzgesagt/about,,,"https://instagram.com/Kurzgesagt, instagram.com/Kurzgesagt","https://www.tiktok.com/@kurz_gesagt, tiktok.com/@kurz_gesagt","facebook.com/Kurzgesagt, https://www.facebook.com/Kurzgesagt/",,,,"http://www.patreon.com/Kurzgesagt, patreon.com/Kurzgesagt","http://www.youtube.com/@kurzgesagt, https://www.youtube.com/@kurzgesagt, https://www.youtube.com/channel/UCsXVk37bltHxD1rDPwtNM8Q, www.youtube.com/@kurzgesagt, www.youtube.com/channel/UCsXVk37bltHxD1rDPwtNM8Q, youtube.com/@kurzgesagt, youtube.com/channel/UCsXVk37bltHxD1rDPwtNM8Q",,,,,,,"http://www.reddit.com/r/kurzgesagt, reddit.com/r/kurzgesagt",
@LinusTechTips,https://www.youtube.com/@LinusTechTips/about,partnerships@linusmediagroup.com,"https://twitter.com/LinusTech, twitter.com/LinusTech","https://www.instagram.com/linustech, instagram.com/linustech","tiktok.com/@linustech, www.tiktok.com/@linustech","facebook.com/LinusTech, https://www.facebook.com/LinusTech/",,,,,"http://www.youtube.com/@LinusTechTips, https://www.youtube.com/@LinusTechTips, https://www.youtube.com/channel/UCXuqSBlHAE6Xw-yeJA0Tunw, www.youtube.com/@LinusTechTips, www.youtube.com/channel/UCXuqSBlHAE6Xw-yeJA0Tunw, youtube.com/@LinusTechTips, youtube.com/channel/UCXuqSBlHAE6Xw-yeJA0Tunw",,,,,,,,
@UnboxTherapy,https://www.youtube.com/@UnboxTherapy/about,,"http://twitter.com/unboxtherapy, https://twitter.com/unboxtherapy, twitter.com/unboxtherapy","http://instagram.com/unboxtherapy, instagram.com/unboxtherapy",http://tiktok.com/@unboxtherapyofficial,"facebook.com/unboxtherapy, http://facebook.com/unboxtherapy",,,,,"http://www.youtube.com/@unboxtherapy, https://www.youtube.com/@UnboxTherapy, https://www.youtube.com/channel/UCsTcErHg8oDvUnTzoqsYeNw, www.youtube.com/@unboxtherapy, www.youtube.com/channel/UCsTcErHg8oDvUnTzoqsYeNw, youtube.com/@UnboxTherapy, youtube.com/channel/UCsTcErHg8oDvUnTzoqsYeNw",,,,,,,,
@SciShow,https://www.youtube.com/@SciShow/about,,"http://twitter.com/scishow, twitter.com/scishow","http://instagram.com/thescishow, instagram.com/thescishow","https://www.tiktok.com/@scishow, tiktok.com/@scishow","facebook.com/scishow, http://www.facebook.com/scishow",,,,"http://patreon.com/scishow, https://www.patreon.com/scishow, patreon.com/scishow","http://www.youtube.com/@SciShow, https://www.youtube.com/@SciShow, https://www.youtube.com/c/scishowtangents, https://www.youtube.com/channel/UCZYTClx2T1of7BRZ86-8fow, https://www.youtube.com/user/scishowkids, https://www.youtube.com/user/scishowspace, www.youtube.com/@SciShow, www.youtube.com/channel/UCZYTClx2T1of7BRZ86-8fow, youtube.com/@SciShow, youtube.com/c/scishowtangents, youtube.com/channel/UCZYTClx2T1of7BRZ86-8fow, youtube.com/user/scishowkids, youtube.com/user/scishowspace",,,,,,,,
@MinutePhysics,https://www.youtube.com/@MinutePhysics/about,,"https://www.twitter.com/minutephysics, twitter.com/minutephysics",,,"facebook.com/MinutePhysics, http://facebook.com/minutephysics, https://www.facebook.com/MinutePhysics",,,,"https://www.patreon.com/minutephysics, patreon.com/minutephysics","http://www.youtube.com/@MinutePhysics, https://www.youtube.com/@MinutePhysics, https://www.youtube.com/channel/UCUHW94eEFW7hkUMVaZz4eDg, www.youtube.com/@MinutePhysics, www.youtube.com/channel/UCUHW94eEFW7hkUMVaZz4eDg, youtube.com/@MinutePhysics, youtube.com/channel/UCUHW94eEFW7hkUMVaZz4eDg",,,,,,http://www.soundcloud.com/drschroeder,,
@3blue1brown,https://www.youtube.com/@3blue1brown/about,,"https://www.twitter.com/3blue1brown, twitter.com/3blue1brown","https://www.instagram.com/3blue1brown, instagram.com/3blue1brown",,"facebook.com/3blue1brown, https://www.facebook.com/3blue1brown",,,,"https://www.patreon.com/3blue1brown, patreon.com/3blue1brown","http://www.youtube.com/@3blue1brown, https://www.youtube.com/@3blue1brown, https://www.youtube.com/channel/UCYO_jab_esuFRV4b17AJtAw, www.youtube.com/@3blue1brown, www.youtube.com/channel/UCYO_jab_esuFRV4b17AJtAw, youtube.com/@3blue1brown, youtube.com/channel/UCYO_jab_esuFRV4b17AJtAw",,,,,,,"https://www.reddit.com/r/3blue1brown, reddit.com/r/3blue1brown",
@TwoMinutePapers,https://www.youtube.com/@TwoMinutePapers/about,,"https://twitter.com/twominutepapers, twitter.com/twominutepapers","https://www.instagram.com/twominutepa..., https://www.instagram.com/twominutepapers, instagram.com/twominutepapers",,,,,,"https://www.patreon.com/TwoMinutePapers, patreon.com/TwoMinutePapers","http://www.youtube.com/@TwoMinutePapers, https://www.youtube.com/@TwoMinutePapers, https://www.youtube.com/channel/UCbfY, https://www.youtube.com/channel/UCbfYPyITQ-7l4upoX8nvctg, www.youtube.com/@TwoMinutePapers, www.youtube.com/channel/UCbfYPyITQ-7l4upoX8nvctg, youtube.com/@TwoMinutePapers, youtube.com/channel/UCbfYPyITQ-7l4upoX8nvctg",,,,,,,,
@TechLinkedYT,,,,,,,,,,,,,,,,,,,
@jarektechy,,,,,,,,,,,,,,,,,,,
@Mrwhosetheboss,https://www.youtube.com/@Mrwhosetheboss/about,,"https://x.com/Mrwhosetheboss, x.com/Mrwhosetheboss","https://www.instagram.com/mrwhosetheboss, instagram.com/mrwhosetheboss","https://www.tiktok.com/@mrwhosetheboss, tiktok.com/@mrwhosetheboss",,,,,,"http://www.youtube.com/@Mrwhosetheboss, https://www.youtube.com/@Mrwhosetheboss, https://www.youtube.com/@MrwhosethebossPlus, https://www.youtube.com/channel/UCMiJRAwDNSNzuYeN2uWa0pA, https://www.youtube.com/channel/UCZSl, www.youtube.com/@Mrwhosetheboss, www.youtube.com/channel/UCMiJRAwDNSNzuYeN2uWa0pA, youtube.com/@Mrwhosetheboss, youtube.com/@MrwhosethebossPlus, youtube.com/channel/UCMiJRAwDNSNzuYeN2uWa0pA",,,,,,,,
@davie504,https://www.youtube.com/@davie504/about,,"https://twitter.com/Davie504bass, twitter.com/Davie504bass","http://instagram.com/davie504, instagram.com/davie504",,"facebook.com/Davie504, http://www.facebook.com/Davie504",,,,"http://www.patreon.com/davie504, patreon.com/davie504","http://www.youtube.com/@Davie504, https://www.youtube.com/@davie504, https://www.youtube.com/channel/UCIcgzD0glPDLHZI2bN9BNSQ, https://www.youtube.com/channel/UCgFvT6pUq9HLOvKBYERzXSQ, www.youtube.com/@Davie504, www.youtube.com/channel/UCgFvT6pUq9HLOvKBYERzXSQ, youtube.com/@davie504, youtube.com/channel/UCIcgzD0glPDLHZI2bN9BNSQ, youtube.com/channel/UCgFvT6pUq9HLOvKBYERzXSQ",,,,"https://open.spotify.com/artist/4OwgQPvkIJoHES5Ik9iAe0, open.spotify.com/artist/4OwgQPvkIJoHES5Ik9iAe0",,,,
@NetworkChuck,https://www.youtube.com/@NetworkChuck/about,chuck@networkchuck.com,"https://twitter.com/networkchuck, twitter.com/networkchuck","https://instagram.com/networkchuck, https://www.instagram.com/networkchuck, instagram.com/networkchuck",,https://www.facebook.com/NetworkChuck/,,"https://twitch.tv/networkchuck, twitch.tv/networkchuck",,,"http://www.youtube.com/@NetworkChuck, https://www.youtube.com/@NetworkChuck, https://www.youtube.com/channel/UC9x0AN7BWHpCDHSm9NiJFJQ, www.youtube.com/@NetworkChuck, www.youtube.com/channel/UC9x0AN7BWHpCDHSm9NiJFJQ, youtube.com/@NetworkChuck, youtube.com/channel/UC9x0AN7BWHpCDHSm9NiJFJQ",,,,,,,,
@Fireship,https://www.youtube.com/@Fireship/about,,"https://twitter.com/fireship_dev, twitter.com/fireship_dev","https://www.instagram.com/fireship_dev, instagram.com/fireship_dev","https://www.tiktok.com/@fireship_dev, tiktok.com/@fireship_dev",,,,,,"http://www.youtube.com/@Fireship, https://www.youtube.com/@Fireship, https://www.youtube.com/channel/UCsBjURrPoezykLs9EqgamOA, www.youtube.com/@Fireship, www.youtube.com/channel/UCsBjURrPoezykLs9EqgamOA, youtube.com/@Fireship, youtube.com/channel/UCsBjURrPoezykLs9EqgamOA",,,,"https://open.spotify.com/show/1gGc9QcfhJ29b2NSfMFlB9, open.spotify.com/show/1gGc9QcfhJ29b2NSfMFlB9",,,,
@ThePrimeagen,https://www.youtube.com/@ThePrimeagen/about,,"https://twitter.com/ThePrimeagen, twitter.com/ThePrimeagen","https://instagram.com/ThePrimeagen, instagram.com/ThePrimeagen","https://www.tiktok.com/@theprimeagen, tiktok.com/@theprimeagen",,,"https://twitch.tv/ThePrimeagen, twitch.tv/ThePrimeagen",https://discord.gg/ThePrimeagen,,"http://www.youtube.com/@ThePrimeagen, https://www.youtube.com/@ThePrimeagen, https://www.youtube.com/channel/UC8ENHE5xdFSwx71u3fDH5Xw, www.youtube.com/@ThePrimeagen, www.youtube.com/channel/UC8ENHE5xdFSwx71u3fDH5Xw, youtube.com/@ThePrimeagen, youtube.com/channel/UC8ENHE5xdFSwx71u3fDH5Xw",,,,,,,,https://github.com/ThePrimeagen
@CodeBullet,https://www.youtube.com/@CodeBullet/about,,"https://twitter.com/code_bullet, twitter.com/code_bullet","https://www.instagram.com/dachi.art, https://www.instagram.com/realcodebullet, instagram.com/realcodebullet","https://www.tiktok.com/@realcodebullet, tiktok.com/@realcodebullet","facebook.com/profile.php, https://www.facebook.com/profile.php",,"https://www.twitch.tv/the_big_cb, twitch.tv/the_big_cb",https://discord.gg/UZDMYx5,"https://www.patreon.com/CodeBullet, patreon.com/CodeBullet","http://www.youtube.com/@CodeBullet, https://www.youtube.com/@CodeBullet, https://www.youtube.com/channel/UC0e3QhIYukixgh5VVpKHH9Q, www.youtube.com/@CodeBullet, www.youtube.com/channel/UC0e3QhIYukixgh5VVpKHH9Q, youtube.com/@CodeBullet, youtube.com/channel/UC0e3QhIYukixgh5VVpKHH9Q",,,,,,,,
@SebastianLague,https://www.youtube.com/@SebastianLague/about,,,,,,,,,"https://www.patreon.com/SebastianLague, patreon.com/SebastianLague","http://www.youtube.com/@SebastianLague, https://www.youtube.com/@SebastianLague, https://www.youtube.com/channel/UCmtyQOKKmrMVaKuRXz02jbQ, www.youtube.com/@SebastianLague, www.youtube.com/channel/UCmtyQOKKmrMVaKuRXz02jbQ, youtube.com/@SebastianLague, youtube.com/channel/UCmtyQOKKmrMVaKuRXz02jbQ",,,,,,,,"github.com/SebLague, https://github.com/SebLague"
@carykh,https://www.youtube.com/@carykh/about,,"https://twitter.com/realcarykh, twitter.com/realcarykh","https://www.instagram.com/realcarykh, instagram.com/realcarykh",,,,,"https://discord.gg/dxCBaYn, https://discord.gg/mU7RE7B","https://www.patreon.com/carykh, patreon.com/carykh","http://www.youtube.com/@carykh, https://www.youtube.com/@carykh, https://www.youtube.com/channel/UC9z7EZAbkphEMg0SP7rw44A, www.youtube.com/@carykh, www.youtube.com/channel/UC9z7EZAbkphEMg0SP7rw44A, youtube.com/@carykh, youtube.com/channel/UC9z7EZAbkphEMg0SP7rw44A",,,,,,"https://soundcloud.com/demipixel, https://soundcloud.com/qemaqemaqema",,"github.com/carykh, https://github.com/carykh"
@ColdFusion,https://www.youtube.com/@ColdFusion/about,dagogo@coldfusioncollective.com,"https://twitter.com/ColdFusion_TV, twitter.com/ColdFusion_TV","https://www.instagram.com/luciana.v.i..., https://www.instagram.com/luciana.v.i.e.i.r.a",,"facebook.com/Coldfusiontv, http://www.facebook.com/Coldfusiontv, https://www.facebook.com/ColdFusionTV, www.facebook.com/coldfusiontv",,,,"https://www.patreon.com/ColdFusion_TV, patreon.com/ColdFusion_TV","http://www.youtube.com/@ColdFusion, https://www.youtube.com/channel/UC4QZ_LsYcvcq7qOsOhpAX4A, www.youtube.com/@ColdFusion, www.youtube.com/channel/UC4QZ_LsYcvcq7qOsOhpAX4A, youtube.com/channel/UC4QZ_LsYcvcq7qOsOhpAX4A",,,,,,http://www.soundcloud.com/burnwater,,
@MrBeast,https://www.youtube.com/@MrBeast/about,,"https://twitter.com/MrBeast, twitter.com/MrBeast","https://www.instagram.com/mrbeast, instagram.com/mrbeast",,"facebook.com/mrbeast, https://facebook.com/mrbeast/",,,,,"http://www.youtube.com/@MrBeast, https://www.youtube.com/@MrBeast, https://www.youtube.com/channel/UCX6OQ3DkcsbYNE6H8uQQuVA, www.youtube.com/@MrBeast, www.youtube.com/channel/UCX6OQ3DkcsbYNE6H8uQQuVA, youtube.com/@MrBeast, youtube.com/channel/UCX6OQ3DkcsbYNE6H8uQQuVA",,,,,,,,
@jacksepticeye,https://www.youtube.com/@jacksepticeye/about,,,,,,,,,,"http://www.youtube.com/@jacksepticeye, https://www.youtube.com/@jacksepticeye, https://www.youtube.com/channel/UCYzPXprvl5Y-Sf0g4vX-m6g, www.youtube.com/@jacksepticeye, www.youtube.com/channel/UCYzPXprvl5Y-Sf0g4vX-m6g, youtube.com/@jacksepticeye, youtube.com/channel/UCYzPXprvl5Y-Sf0g4vX-m6g",,,,,,,,
@Markiplier,,,,,,,,,,,,,,,,,,,
@PewDiePie,,,,,,,,,,,,,,,,,,,
@penguinz0,,,,,,,,,,,,,,,,,,,
@videogamedunkey,,,,,,,,,,,,,,,,,,,
@JonTronShow,,,,,,,,,,,,,,,,,,,
@Smosh,,,,,,,,,,,,,,,,,,,
@CollegeHumor,,,,,,,,,,,,,,,,,,,
@NigaHiga,,,,,,,,,,,,,,,,,,,
@IdubbbzTV,,,,,,,,,,,,,,,,,,,
@FilthyFrank,,,,,,,,,,,,,,,,,,,
@CallMeCarson,,,,,,,,,,,,,,,,,,,
@Wilbur Soot,,,,,,,,,,,,,,,,,,,
@TommyInnit,,,,,,,,,,,,,,,,,,,
@Tubbo,https://www.youtube.com/@Tubbo/about,,"https://www.twitter.com/tubbolive, twitter.com/tubbolive",,,,,"https://www.twitch.tv/tubbo, twitch.tv/tubbo","discord.gg/tubbo, https://discord.gg/tubbo",,"http://www.youtube.com/@Tubbo, https://www.youtube.com/@Tubbo, https://www.youtube.com/channel/UCAz5JW1_oryewk0eR-eP7Bw, www.youtube.com/@Tubbo, www.youtube.com/channel/UCAz5JW1_oryewk0eR-eP7Bw, youtube.com/@Tubbo, youtube.com/channel/UCAz5JW1_oryewk0eR-eP7Bw",,,,,,,,
@Dream,https://www.youtube.com/@Dream/about,,"http://twitter.com/dreamwastaken, twitter.com/dreamwastaken","https://instagram.com/dreamwastaken, instagram.com/dreamwastaken",,,,,,,"http://www.youtube.com/@dream, https://www.youtube.com/@Dream, https://www.youtube.com/channel/UCTkXRDQl0luXxVQrRQvWS6w, www.youtube.com/@dream, www.youtube.com/channel/UCTkXRDQl0luXxVQrRQvWS6w, youtube.com/@Dream, youtube.com/channel/UCTkXRDQl0luXxVQrRQvWS6w",,,,,,,,
@GeorgeNotFound,https://www.youtube.com/@GeorgeNotFound/about,team@georgenotfound.com,"https://twitter.com/GeorgeNotFound, twitter.com/GeorgeNotFound","https://instagram.com/GeorgeNotFound, instagram.com/GeorgeNotFound","https://www.tiktok.com/@GeorgeNotFound, tiktok.com/@GeorgeNotFound",,,"https://www.twitch.tv/GeorgeNotFound, twitch.tv/GeorgeNotFound",,,"http://www.youtube.com/@GeorgeNotFound, https://www.youtube.com/@GeorgeNotFound, https://www.youtube.com/channel/UCA2tt9GSU2sl8rAqjlLR3mQ, www.youtube.com/@GeorgeNotFound, www.youtube.com/channel/UCA2tt9GSU2sl8rAqjlLR3mQ, youtube.com/@GeorgeNotFound, youtube.com/channel/UCA2tt9GSU2sl8rAqjlLR3mQ","https://www.snapchat.com/add/georgenotfound, snapchat.com/add/georgenotfound",,,,,,,
@Technoblade,https://www.youtube.com/@Technoblade/about,,"https://twitter.com/AmyTheMudkip, https://twitter.com/Technothepi, https://twitter.com/Technothepig, https://twitter.com/Technothepiga, twitter.com/Technothepig",,,,,twitch.tv/tommyinnit,,,"http://www.youtube.com/@Technoblade, https://www.youtube.com/@Technoblade, https://www.youtube.com/channel/UCFAi, https://www.youtube.com/channel/UCFAiFyGs6oDiF1Nf-rRJpZA, https://www.youtube.com/channel/UCV--, https://www.youtube.com/channel/UCbk9, https://www.youtube.com/channel/UCd6BuNIVkn5oDBeDsr6HIGQ, https://www.youtube.com/user/videogam, https://www.youtube.com/user/videogamedunkey, www.youtube.com/@Technoblade, www.youtube.com/channel/UCFAiFyGs6oDiF1Nf-rRJpZA, youtube.com/@Technoblade, youtube.com/channel/UCFAiFyGs6oDiF1Nf-rRJpZA",,,,,,,,
@Schlatt,,,,,,,,,,,,,,,,,,,
@LinkinPark,https://www.youtube.com/@LinkinPark/about,,"http://www.twitter.com/linkinpark, twitter.com/linkinpark","http://www.instagram.com/linkinpark, instagram.com/linkinpark","https://www.tiktok.com/@linkinpark, tiktok.com/@linkinpark","facebook.com/linkinpark, http://www.facebook.com/linkinpark",,,"discord.com/invite/linkinpark, https://discord.com/invite/linkinpark, https://discord.gg/linkinpark",,"http://www.youtube.com/@LinkinPark, https://www.youtube.com/channel/UCZU9T1ceaOgwfLRq7OKFU4Q, www.youtube.com/@LinkinPark, www.youtube.com/channel/UCZU9T1ceaOgwfLRq7OKFU4Q, youtube.com/channel/UCZU9T1ceaOgwfLRq7OKFU4Q",,,,,,,,
@Eminem,https://www.youtube.com/@Eminem/about,,"http://twitter.com/eminem, http://twitter.com/shadyrecords, https://twitter.com/Eminem, twitter.com/Eminem","http://instagram.com/eminem, http://instagram.com/shadyrecords, instagram.com/eminem",,"facebook.com/eminem, http://facebook.com/eminem, http://facebook.com/shadyrecords, https://www.facebook.com/eminem",,,,,"http://www.youtube.com/@eminem, https://www.youtube.com/@Eminem, https://www.youtube.com/channel/UCfM3zsQsOnfWNUppiycmBuw, www.youtube.com/@eminem, www.youtube.com/channel/UCfM3zsQsOnfWNUppiycmBuw, youtube.com/@Eminem, youtube.com/channel/UCfM3zsQsOnfWNUppiycmBuw",,,,,,,,
@BillieEilish,https://www.youtube.com/@BillieEilish/about,,"http://twitter.com/billieeilish, twitter.com/billieeilish","https://www.instagram.com/billieeilish, instagram.com/billieeilish","https://tiktok.com/@billieeilish, tiktok.com/@billieeilish","facebook.com/billieeilish, http://facebook.com/billieeilish",,,,,"http://www.youtube.com/@BillieEilish, https://www.youtube.com/@BillieEilish, https://www.youtube.com/channel/UCiGm_E4ZwYSHV3bcW1pnSeQ, www.youtube.com/@BillieEilish, www.youtube.com/channel/UCiGm_E4ZwYSHV3bcW1pnSeQ, youtube.com/@BillieEilish, youtube.com/channel/UCiGm_E4ZwYSHV3bcW1pnSeQ",,,,,,,,
@TheWeeknd,https://www.youtube.com/@TheWeeknd/about,,"http://twitter.com/theweeknd, twitter.com/theweeknd","http://instagram.com/theweeknd, instagram.com/theweeknd","http://tiktok.com/@theweeknd, tiktok.com/@theweeknd","facebook.com/theweeknd, http://facebook.com/theweeknd",,,,,"http://www.youtube.com/@TheWeeknd, https://www.youtube.com/@TheWeeknd, https://www.youtube.com/channel/UC0WP5P-ufpRfjbNrmOWwLBQ, www.youtube.com/@TheWeeknd, www.youtube.com/channel/UC0WP5P-ufpRfjbNrmOWwLBQ, youtube.com/@TheWeeknd, youtube.com/channel/UC0WP5P-ufpRfjbNrmOWwLBQ",,,,,,,,
@PostMalone,https://www.youtube.com/@PostMalone/about,,"http://twitter.com/postmalone, https://twitter.com/extraposty, https://twitter.com/postmalone, twitter.com/postmalone","http://instagram.com/postmalone, https://instagram.com/extraposty, https://instagram.com/postmalone, instagram.com/postmalone","http://tiktok.com/@postmalone, https://tiktok.com/@extraposty, https://tiktok.com/@postmalone, tiktok.com/@postmalone","https://facebook.com/extraposty, https://facebook.com/postmalone",,,https://discord.com/invite/post-malone,,"http://www.youtube.com/@postmalone, https://www.youtube.com/@PostMalone, https://www.youtube.com/channel/UCeLHszkByNZtPKcaVXOCOQQ, www.youtube.com/@postmalone, www.youtube.com/channel/UCeLHszkByNZtPKcaVXOCOQQ, youtube.com/@PostMalone, youtube.com/channel/UCeLHszkByNZtPKcaVXOCOQQ",,,,,,,,
@taylorswift,https://www.youtube.com/@taylorswift/about,,"http://twitter.com/taylornation13, http://twitter.com/taylorswift13, https://x.com/taylorswift13, x.com/taylorswift13","http://instagram.com/taylornation, http://instagram.com/taylorswift, https://instagram.com/taylorswift, instagram.com/taylorswift","http://tiktok.com/@taylornation, http://tiktok.com/@taylorswift, https://tiktok.com/@taylorswift, tiktok.com/@taylorswift","facebook.com/TaylorSwift, http://facebook.com/taylorswift, https://facebook.com/TaylorSwift",,,,,"http://www.youtube.com/@TaylorSwift, https://www.youtube.com/@taylorswift, https://www.youtube.com/channel/UCqECaJ8Gagnn7YCbPEzWH6g, www.youtube.com/@TaylorSwift, www.youtube.com/channel/UCqECaJ8Gagnn7YCbPEzWH6g, youtube.com/@taylorswift, youtube.com/channel/UCqECaJ8Gagnn7YCbPEzWH6g",http://snapchat.com/add/taylorswift,,,,,,,
@BrunoMars,https://www.youtube.com/@BrunoMars/about,,"http://www.twitter.com/brunomars, http://x.com/brunomars, https://x.com/brunomars, x.com/brunomars","http://www.instagram.com/brunomars, https://www.instagram.com/brunomars, instagram.com/brunomars","https://www.tiktok.com/@brunomars, tiktok.com/@brunomars","facebook.com/brunomars, http://facebook.com/brunomars, http://www.facebook.com/brunomars, https://www.facebook.com/brunomars",,,,,"http://www.youtube.com/@brunomars, https://www.youtube.com/@BrunoMars, https://www.youtube.com/channel/UCoUM-UJ7rirJYP8CQ0EIaHA, www.youtube.com/@brunomars, www.youtube.com/channel/UCoUM-UJ7rirJYP8CQ0EIaHA, youtube.com/@BrunoMars, youtube.com/channel/UCoUM-UJ7rirJYP8CQ0EIaHA",,,,,,,,
@ArianaGrande,https://www.youtube.com/@ArianaGrande/about,,"https://twitter.com/arianagrande, twitter.com/arianagrande","http://instagram.com/arianagrande, https://www.instagram.com/arianagrande, instagram.com/arianagrande",https://www.tiktok.com/@arianagrande,"facebook.com/arianagrande, http://facebook.com/arianagrande, https://www.facebook.com/arianagrande",,,,,"http://www.youtube.com/@ArianaGrande, https://www.youtube.com/@ArianaGrande, https://www.youtube.com/channel/UC9CoOnJkIBMdeijd9qYoT_g, www.youtube.com/@ArianaGrande, www.youtube.com/channel/UC9CoOnJkIBMdeijd9qYoT_g, youtube.com/@ArianaGrande, youtube.com/channel/UC9CoOnJkIBMdeijd9qYoT_g",,,,"https://open.spotify.com/artist/66CXWjxzNUsdJxJ2JdwvnR, open.spotify.com/artist/66CXWjxzNUsdJxJ2JdwvnR",,,,
@EdSheeran,https://www.youtube.com/@EdSheeran/about,,"http://twitter.com/edsheeran, twitter.com/edsheeran","http://instagram.com/teddysphotos, instagram.com/teddysphotos","https://www.tiktok.com/@edsheeran, tiktok.com/@edsheeran","facebook.com/edsheeranmusic, http://www.facebook.com/EdSheeranMusic, http://www.facebook.com/edsheeranmusic/",,,"discord.gg/edsheeran, http://discord.gg/edsheeran",,"http://www.youtube.com/@EdSheeran, https://www.youtube.com/@EdSheeran, https://www.youtube.com/channel/UC0C-w0YjGpqDXGB8IHb662A, www.youtube.com/@EdSheeran, www.youtube.com/channel/UC0C-w0YjGpqDXGB8IHb662A, youtube.com/@EdSheeran, youtube.com/channel/UC0C-w0YjGpqDXGB8IHb662A",,,,"https://open.spotify.com/artist/6eUKZXaKkcviH0Ku9w2n3V, open.spotify.com/artist/6eUKZXaKkcviH0Ku9w2n3V",,"https://soundcloud.com/edsheeran, soundcloud.com/edsheeran",,
@justinbieber,https://www.youtube.com/@justinbieber/about,,"http://twitter.com/justinbieber, https://twitter.com/justinbieber, twitter.com/justinbieber","https://www.instagram.com/lilbieber, instagram.com/lilbieber","https://www.tiktok.com/@justinbieber, tiktok.com/@justinbieber","facebook.com/JustinBieber, http://facebook.com/justinbieber, https://www.facebook.com/JustinBieber",,,,,"http://www.youtube.com/@justinbieber, https://www.youtube.com/@justinbieber, https://www.youtube.com/channel/UCIwFjwMjI0y7PDBVEO9-bkQ, www.youtube.com/@justinbieber, www.youtube.com/channel/UCIwFjwMjI0y7PDBVEO9-bkQ, youtube.com/@justinbieber, youtube.com/channel/UCIwFjwMjI0y7PDBVEO9-bkQ",,,,,,,,
@LadyGaga,https://www.youtube.com/@LadyGaga/about,,"https://twitter.com/ladygaga, twitter.com/ladygaga","http://instagram.com/ladygaga, instagram.com/ladygaga","https://www.tiktok.com/@ladygaga, tiktok.com/@ladygaga","facebook.com/ladygaga, https://www.facebook.com/ladygaga",,,,,"http://www.youtube.com/@LadyGaga, https://www.youtube.com/@LadyGaga, https://www.youtube.com/channel/UCNL1ZadSjHpjm4q9j2sVtOA, www.youtube.com/@LadyGaga, www.youtube.com/channel/UCNL1ZadSjHpjm4q9j2sVtOA, youtube.com/@LadyGaga, youtube.com/channel/UCNL1ZadSjHpjm4q9j2sVtOA",,,,,,,,
@KatyPerry,https://www.youtube.com/@KatyPerry/about,,"http://twitter.com/KatyPerry, twitter.com/KatyPerry","http://www.instagram.com/KatyPerry, instagram.com/KatyPerry","https://tiktok.com/@katyperry, tiktok.com/@katyperry","facebook.com/KatyPerry, http://www.facebook.com/KatyPerry",,,,,"http://www.youtube.com/@KatyPerry, https://www.youtube.com/@KatyPerry, https://www.youtube.com/channel/UCYvmuw-JtVrTZQ-7Y4kd63Q, www.youtube.com/@KatyPerry, www.youtube.com/channel/UCYvmuw-JtVrTZQ-7Y4kd63Q, youtube.com/@KatyPerry, youtube.com/channel/UCYvmuw-JtVrTZQ-7Y4kd63Q",,,,,,,,
@Rihanna,https://www.youtube.com/@Rihanna/about,,"http://twitter.com/Rihanna, twitter.com/Rihanna","http://instagram.com/BadGalRiRi, instagram.com/BadGalRiRi",,"facebook.com/Rihanna, http://facebook.com/Rihanna",,,,,"http://www.youtube.com/@rihanna, https://www.youtube.com/@Rihanna, https://www.youtube.com/channel/UCcgqSM4YEo5vVQpqwN-MaNw, www.youtube.com/@rihanna, www.youtube.com/channel/UCcgqSM4YEo5vVQpqwN-MaNw, youtube.com/@Rihanna, youtube.com/channel/UCcgqSM4YEo5vVQpqwN-MaNw",,,,"https://open.spotify.com/artist/5pKCCKE2ajJHZ9KAiaK11H, open.spotify.com/artist/5pKCCKE2ajJHZ9KAiaK11H",,,,
@beyonce,https://www.youtube.com/@beyonce/about,,"https://twitter.com/Beyonce, twitter.com/Beyonce","https://instagram.com/beyonce, instagram.com/beyonce","https://www.tiktok.com/@beyonce, tiktok.com/@beyonce","facebook.com/beyonce, https://www.facebook.com/beyonce",,,,,"http://www.youtube.com/@beyonce, https://www.youtube.com/@beyonce, https://www.youtube.com/channel/UCuHzBCaKmtaLcRAOoazhCPA, www.youtube.com/@beyonce, www.youtube.com/channel/UCuHzBCaKmtaLcRAOoazhCPA, youtube.com/@beyonce, youtube.com/channel/UCuHzBCaKmtaLcRAOoazhCPA",,,,,,,,
@Drake,https://www.youtube.com/@Drake/about,,,,,,,,,,"http://www.youtube.com/@drake, https://www.youtube.com/@Drake, https://www.youtube.com/channel/UCNTQH0uJzryQB4rRLGlv-Ww, www.youtube.com/@drake, www.youtube.com/channel/UCNTQH0uJzryQB4rRLGlv-Ww, youtube.com/@Drake, youtube.com/channel/UCNTQH0uJzryQB4rRLGlv-Ww",,,,,,,,
@KendrickLamar,https://www.youtube.com/@KendrickLamar/about,,https://twitter.com/kendricklamar,https://www.instagram.com/kendricklamar,,https://www.facebook.com/kendricklamar,,,,,"http://www.youtube.com/@kendricklamar, https://www.youtube.com/@KendrickLamar, https://www.youtube.com/channel/UC3lBXcrKFnFAFkfVk5WuKcQ, www.youtube.com/@kendricklamar, www.youtube.com/channel/UC3lBXcrKFnFAFkfVk5WuKcQ, youtube.com/@KendrickLamar, youtube.com/channel/UC3lBXcrKFnFAFkfVk5WuKcQ",,,,,,,,
@TravisScott,https://www.youtube.com/@TravisScott/about,,"https://twitter.com/trvisXX, twitter.com/trvisXX","https://www.instagram.com/travisscott, instagram.com/travisscott",,,,,,,"http://www.youtube.com/@travisscott, https://www.youtube.com/@TravisScott, https://www.youtube.com/channel/UCWY9g9jNYh6AS-E8-SKfBmA, www.youtube.com/@travisscott, www.youtube.com/channel/UCWY9g9jNYh6AS-E8-SKfBmA, youtube.com/@TravisScott, youtube.com/channel/UCWY9g9jNYh6AS-E8-SKfBmA",,,,"https://open.spotify.com/artist/0Y5tJX1MQlPlqiwlOH1tJY, open.spotify.com/artist/0Y5tJX1MQlPlqiwlOH1tJY",,,,
@CardiB,https://www.youtube.com/@CardiB/about,,"http://Twitter.com/IAmCardiB, https://twitter.com/iamcardib, twitter.com/iamcardib","http://Instagram.com/f, http://Instagram.com/iamcardib, http://instagram.com/f, instagram.com/f","https://www.tiktok.com/@iamcardib, tiktok.com/@iamcardib","facebook.com/therealcardib, http://Facebook.com/IAmCardiB, https://Facebook.com/cardib, https://www.facebook.com/therealcardib/",,,,,"http://www.youtube.com/@cardib, https://www.youtube.com/@CardiB, https://www.youtube.com/channel/UCxMAbVFmxKUVGAll0WVGpFw, www.youtube.com/@cardib, www.youtube.com/channel/UCxMAbVFmxKUVGAll0WVGpFw, youtube.com/@CardiB, youtube.com/channel/UCxMAbVFmxKUVGAll0WVGpFw",,,,,,"http://Soundcloud.com/IAmCardiB, https://soundcloud.com/iamcardib, soundcloud.com/iamcardib",,
@NickiMinaj,https://www.youtube.com/@NickiMinaj/about,,"https://twitter.com/nickiminaj, twitter.com/nickiminaj","http://instagram.com/nickiminaj, instagram.com/nickiminaj","https://www.tiktok.com/@nickiminaj, tiktok.com/@nickiminaj",,,,,,"http://www.youtube.com/@nickiminaj, https://www.youtube.com/@NickiMinaj, https://www.youtube.com/channel/UC3jOd7GUMhpgJRBhiLzuLsg, www.youtube.com/@nickiminaj, www.youtube.com/channel/UC3jOd7GUMhpgJRBhiLzuLsg, youtube.com/@NickiMinaj, youtube.com/channel/UC3jOd7GUMhpgJRBhiLzuLsg",,,,,,,,
@DuaLipa,https://www.youtube.com/@DuaLipa/about,,http://twitter.com/dualipa,"https://instagram.com/dualipa, instagram.com/dualipa","https://tiktok.com/dualipa, https://www.tiktok.com/@dualipaofficial, tiktok.com/dualipa",http://facebook.com/dualipa,,,,,"http://www.youtube.com/@dualipa, https://www.youtube.com/@DuaLipa, https://www.youtube.com/channel/UC-J-KZfRV8c13fOCkhXdLiQ, https://youtube.com/@dualipa, www.youtube.com/@dualipa, www.youtube.com/channel/UC-J-KZfRV8c13fOCkhXdLiQ, youtube.com/@DuaLipa, youtube.com/channel/UC-J-KZfRV8c13fOCkhXdLiQ",,,,"https://open.spotify.com/artist/6M2wZ9GZgrQXHCFfjv46we, open.spotify.com/artist/6M2wZ9GZgrQXHCFfjv46we",,,,
@GrahamStephan,https://www.youtube.com/@GrahamStephan/about,GrahamStephanBusiness@gmail.com,"https://twitter.com/GrahamStephan, twitter.com/GrahamStephan","https://www.instagram.com/gpstephan, instagram.com/gpstephan",,"https://www.facebook.com/groups/there..., https://www.facebook.com/groups/therealestatemillionairemastermind/",,,,,"http://www.youtube.com/@GrahamStephan, https://www.youtube.com/@GrahamStephan, https://www.youtube.com/channel/UCV6KDgJskWaEckne5aPA0aQ, www.youtube.com/@GrahamStephan, www.youtube.com/channel/UCV6KDgJskWaEckne5aPA0aQ, youtube.com/@GrahamStephan, youtube.com/channel/UCV6KDgJskWaEckne5aPA0aQ","http://www.snapchat.com/add/gpstephan, snapchat.com/add/gpstephan",,,,,,,
@MeetKevin,https://www.youtube.com/@MeetKevin/about,,,,,,,,,,"http://www.youtube.com/@MeetKevin, https://www.youtube.com/@MeetKevin, https://www.youtube.com/channel/UCUvvj5lwue7PspotMDjk5UA, www.youtube.com/@MeetKevin, www.youtube.com/channel/UCUvvj5lwue7PspotMDjk5UA, youtube.com/@MeetKevin, youtube.com/channel/UCUvvj5lwue7PspotMDjk5UA",,,,,,,,
@AndreJikh,,,,,,,,,,,,,,,,,,,
@WhiteboardFinance,https://www.youtube.com/@WhiteboardFinance/about,,"https://twitter.com/WhiteBoardFin, https://x.com/WhiteBoardFin, x.com/WhiteBoardFin","http://www.instagram.com/whiteboardfinance, https://www.instagram.com/whiteboardf..., https://www.instagram.com/whiteboardfinance, instagram.com/whiteboardfinance",,,,,,,"http://www.youtube.com/@WhiteBoardFinance, https://www.youtube.com/@WhiteboardFinance, https://www.youtube.com/channel/UCL_v4tC26PvOFytV1_eEVSg, www.youtube.com/@WhiteBoardFinance, www.youtube.com/channel/UCL_v4tC26PvOFytV1_eEVSg, youtube.com/@WhiteboardFinance, youtube.com/channel/UCL_v4tC26PvOFytV1_eEVSg",,,,,,,,
@PatrickBoyleOnFinance,,,,,,,,,,,,,,,,,,,
@ClearValueTax,https://www.youtube.com/@ClearValueTax/about,,,,,,,,,,"http://www.youtube.com/@clearvaluetax, https://www.youtube.com/@ClearValueTax, https://www.youtube.com/channel/UCfDF3O--fHpa0dTmYRvZjmg, www.youtube.com/@clearvaluetax, www.youtube.com/channel/UCfDF3O--fHpa0dTmYRvZjmg, youtube.com/@ClearValueTax, youtube.com/channel/UCfDF3O--fHpa0dTmYRvZjmg",,,,,,,,
@TechLead,https://www.youtube.com/@TechLead/about,,"https://x.com/techleadhd, x.com/techleadhd","https://instagram.com/techleadhd, instagram.com/techleadhd",,,,,,,"http://www.youtube.com/@TechLead, https://www.youtube.com/@TechLead, https://www.youtube.com/channel/UC4xKdmAXFh4ACyhpiQ_3qBw, www.youtube.com/@TechLead, www.youtube.com/channel/UC4xKdmAXFh4ACyhpiQ_3qBw, youtube.com/@TechLead, youtube.com/channel/UC4xKdmAXFh4ACyhpiQ_3qBw",,,,,,,,
@AliAbdaal,https://www.youtube.com/@AliAbdaal/about,,,"https://instagram.com/AliAbdaal, https://instagram.com/aliabdaal, instagram.com/AliAbdaal",,,https://www.linkedin.com/in/ali-abdaal,,,,"http://www.youtube.com/@aliabdaal, https://www.youtube.com/@AliAbdaal, https://www.youtube.com/channel/UCoOae5nYA7VqaXzerajD0lg, www.youtube.com/@aliabdaal, www.youtube.com/channel/UCoOae5nYA7VqaXzerajD0lg, youtube.com/@AliAbdaal, youtube.com/channel/UCoOae5nYA7VqaXzerajD0lg",,,,,,,,
@ThePlainBagel,https://www.youtube.com/@ThePlainBagel/about,"nsponsorships@theplainbagel.com, richard@theplainbagel.com, sponsorships@theplainbagel.com","https://twitter.com/the_plain_bagel, twitter.com/the_plain_bagel",,,"facebook.com/ThePlainBagel, https://www.facebook.com/ThePlainBagel/",,,,"https://www.patreon.com/ThePlainBagel, patreon.com/ThePlainBagel","http://www.youtube.com/@ThePlainBagel, https://www.youtube.com/@ThePlainBagel, https://www.youtube.com/channel/UCFCEuCsyWP0YkP3CZ3Mr01Q, www.youtube.com/@ThePlainBagel, www.youtube.com/channel/UCFCEuCsyWP0YkP3CZ3Mr01Q, youtube.com/@ThePlainBagel, youtube.com/channel/UCFCEuCsyWP0YkP3CZ3Mr01Q",,,,,,,,
@PatrickBetDavid,,,,,,,,,,,,,,,,,,,
@JaredWattenbarger,,,,,,,,,,,,,,,,,,,
@InvestAnswers,https://www.youtube.com/@InvestAnswers/about,,"http://www.x.com/investanswers, https://x.com/martypartymusic, x.com/investanswers","https://www.instagram.com/investanswers, instagram.com/investanswers",,"facebook.com/InvestAnswers, https://www.facebook.com/InvestAnswers",,,,"http://www.patreon.com/investanswers, https://www.patreon.com/InvestAnswers, patreon.com/InvestAnswers","http://www.youtube.com/@InvestAnswers, https://www.youtube.com/@InvestAnswers, https://www.youtube.com/channel/UCH6KS5IiLfTyunVHPCDYT8Q, https://www.youtube.com/channel/UClgJyzwGs-GyaNxUHcLZrkg, www.youtube.com/@InvestAnswers, www.youtube.com/channel/UClgJyzwGs-GyaNxUHcLZrkg, youtube.com/@InvestAnswers, youtube.com/channel/UCH6KS5IiLfTyunVHPCDYT8Q, youtube.com/channel/UClgJyzwGs-GyaNxUHcLZrkg",,,,,,,,
@HumphreyYang,,,,,,,,,,,,,,,,,,,
@NateOBrien,https://www.youtube.com/@NateOBrien/about,nateobrienofficial@gmail.com,"https://twitter.com/nateobrienn, twitter.com/nateobrienn","https://www.instagram.com/nateobrienn, instagram.com/nateobrienn",,,,,,,"http://www.youtube.com/@NateOBrien, https://www.youtube.com/@NateOBrien, https://www.youtube.com/channel/UCO3tlaeZ6Z0ZN5frMZI3-uQ, www.youtube.com/@NateOBrien, www.youtube.com/channel/UCO3tlaeZ6Z0ZN5frMZI3-uQ, youtube.com/@NateOBrien, youtube.com/channel/UCO3tlaeZ6Z0ZN5frMZI3-uQ",,,,,,,,
@MarkTilbury,https://www.youtube.com/@MarkTilbury/about,mark@marktilbury.com,,"https://www.instagram.com/marktilbury, instagram.com/marktilbury","https://www.tiktok.com/@marktilbury, tiktok.com/@marktilbury","facebook.com/RealMarkTilbury, https://www.facebook.com/RealMarkTilbury",,,,,"http://www.youtube.com/@marktilbury, https://www.youtube.com/@MarkTilbury, https://www.youtube.com/channel/UCxgAuX3XZROujMmGphN_scA, www.youtube.com/@marktilbury, www.youtube.com/channel/UCxgAuX3XZROujMmGphN_scA, youtube.com/@MarkTilbury, youtube.com/channel/UCxgAuX3XZROujMmGphN_scA","https://www.snapchat.com/add/marktilbury, snapchat.com/add/marktilbury",,,,,,,
@JoshBurnsBusiness,,,,,,,,,,,,,,,,,,,
@ZacharyWernerFinance,,,,,,,,,,,,,,,,,,,
@FinancialEducation,https://www.youtube.com/@FinancialEducation/about,Support@jlsponorship.com,"https://twitter.com/holysmokas, twitter.com/holysmokas","https://www.instagram.com/financialed..., https://www.instagram.com/financialeducationjeremy, instagram.com/financialeducationjeremy",,,,,,patreon.com/JeremyLefebvre,"http://www.youtube.com/@FinancialEducation, https://www.youtube.com/@FinancialEducation, https://www.youtube.com/channel/UCnMn36GT_H0X-w5_ckLtlgQ, www.youtube.com/@FinancialEducation, www.youtube.com/channel/UCnMn36GT_H0X-w5_ckLtlgQ, youtube.com/@FinancialEducation, youtube.com/channel/UCnMn36GT_H0X-w5_ckLtlgQ",,,,,,,,
@CharlieBilello,,,,,,,,,,,,,,,,,,,
@KhanAcademy,https://www.youtube.com/@KhanAcademy/about,,,,,,,,,,"http://www.youtube.com/@khanacademy, https://www.youtube.com/@KhanAcademy, https://www.youtube.com/channel/UC4a-Gbdw7vOaccHmFo40b9g, www.youtube.com/@khanacademy, www.youtube.com/channel/UC4a-Gbdw7vOaccHmFo40b9g, youtube.com/@KhanAcademy, youtube.com/channel/UC4a-Gbdw7vOaccHmFo40b9g",,,,,,,,
@AthleanX,https://www.youtube.com/@AthleanX/about,mediarelations@athleanx.com,"x.com/athleanrx, x.com/x","http://instagram.com/athleanx, instagram.com/athleanx",,"facebook.com/athleanx, http://facebook.com/athleanx",,,,,"http://www.youtube.com/@athleanx, https://www.youtube.com/@AthleanX, https://www.youtube.com/channel/UCe0TLA0EsQbE-MjuHXevj2A, www.youtube.com/@athleanx, www.youtube.com/channel/UCe0TLA0EsQbE-MjuHXevj2A, youtube.com/@AthleanX, youtube.com/channel/UCe0TLA0EsQbE-MjuHXevj2A",,,,,,,,
@JeffNippard,https://www.youtube.com/@JeffNippard/about,casting@jeffnippard.com,,"http://instagram.com/JeffNippard, instagram.com/JeffNippard",,,,,,,"http://www.youtube.com/@JeffNippard, https://www.youtube.com/@JeffNippard, https://www.youtube.com/channel/UC68TLK0mAEzUyHx5x5k-S1Q, www.youtube.com/@JeffNippard, www.youtube.com/channel/UC68TLK0mAEzUyHx5x5k-S1Q, youtube.com/@JeffNippard, youtube.com/channel/UC68TLK0mAEzUyHx5x5k-S1Q",,,,,,,,
@ChrisHeria,https://www.youtube.com/@ChrisHeria/about,,,"https://INSTAGRAM.COM/CHRISHERIA, https://www.instagram.com/chrisheria, https://www.instagram.com/dailong_ns, https://www.instagram.com/jonncalderon, https://www.instagram.com/thenx, instagram.com/CHRISHERIA",https://www.tiktok.com/@thechrisheria,,,,,,"http://www.youtube.com/@CHRISHERIA, https://www.youtube.com/@ChrisHeria, https://www.youtube.com/@UC4z4SLhhwLW, https://www.youtube.com/@UC4z4SLhhwLWdCr7V_0b5VPw, https://www.youtube.com/channel/UCaBqRxHEMomgFU-AkSfodCw, www.youtube.com/@CHRISHERIA, www.youtube.com/channel/UCaBqRxHEMomgFU-AkSfodCw, youtube.com/@ChrisHeria, youtube.com/channel/UCaBqRxHEMomgFU-AkSfodCw",,,,,,,,
@OmarIsuf,https://www.youtube.com/@OmarIsuf/about,"CONTACTomar@eformulations.co, nomar@eformulations.co, omar@eformulations.co",,"http://instagram.com/omarisuf, instagram.com/omarisuf",,"facebook.com/chefbuff, http://www.facebook.com/chefbuff",,,,,"http://www.youtube.com/@OmarIsuf, https://www.youtube.com/@OmarIsuf, https://www.youtube.com/@UCbYoTv5DbJm, https://www.youtube.com/@UCbYoTv5DbJmzKwxx5dmnu6g, https://www.youtube.com/channel/UCEGG, https://www.youtube.com/channel/UCEGGAs257niPVJ5BvXymVLQ, https://www.youtube.com/channel/UCaHx0T1LWrVKWF1XfWWLSuw, www.youtube.com/@OmarIsuf, www.youtube.com/channel/UCaHx0T1LWrVKWF1XfWWLSuw, youtube.com/@OmarIsuf, youtube.com/channel/UCaHx0T1LWrVKWF1XfWWLSuw",,,,,,,,
@MorePlatesMoreDates,https://www.youtube.com/@MorePlatesMoreDates/about,,"https://twitter.com/Derek_Fitness, twitter.com/Derek_Fitness","https://www.instagram.com/moreplatesmoredates, instagram.com/moreplatesmoredates","https://www.tiktok.com/@moreplates, tiktok.com/@moreplates","facebook.com/moreplatesmoredates, https://www.facebook.com/moreplatesmoredates/",,,,,"http://www.youtube.com/@MorePlatesMoreDates, https://www.youtube.com/@MorePlatesMoreDates, https://www.youtube.com/channel/UCoR7CHkMETs3ByOv74OAbFw, www.youtube.com/@MorePlatesMoreDates, www.youtube.com/channel/UCoR7CHkMETs3ByOv74OAbFw, youtube.com/@MorePlatesMoreDates, youtube.com/channel/UCoR7CHkMETs3ByOv74OAbFw","https://www.snapchat.com/add/derek, snapchat.com/add/derek",,,"https://open.spotify.com/show/4fCcEMCHgEn57wbGqxKniR, open.spotify.com/show/4fCcEMCHgEn57wbGqxKniR",,,,
@MindPumpTV,https://www.youtube.com/@MindPumpTV/about,,"https://twitter.com/mindpump, twitter.com/mindpump","https://www.instagram.com/mindpumpmedia, instagram.com/mindpumpmedia",,"facebook.com/mindpump, https://www.facebook.com/mindpump",,,,,"http://www.youtube.com/@MindPumpTV, https://www.youtube.com/@MindPumpTV, https://www.youtube.com/channel/UChVak8_IyuqcErdf_jQUOHA, www.youtube.com/@MindPumpTV, www.youtube.com/channel/UChVak8_IyuqcErdf_jQUOHA, youtube.com/@MindPumpTV, youtube.com/channel/UChVak8_IyuqcErdf_jQUOHA",,,,,,,,
@ScottHermanFitness,https://www.youtube.com/@ScottHermanFitness/about,,"https://twitter.com/scott_herman, https://www.twitter.com/Scott_Herman, twitter.com/scott_herman","http://www.instagram.com/ScottHermanF..., http://www.instagram.com/ScottHermanFitness, https://www.instagram.com/ScottHerman..., https://www.instagram.com/ScottHermanFitness, https://www.instagram.com/scottherman..., https://www.instagram.com/scotthermanfitness, instagram.com/ScottHermanFitness","https://www.tiktok.com/@scotthermanfi..., https://www.tiktok.com/@scotthermanfitness","facebook.com/ScottHermanFitness, http://www.facebook.com/ScottHermanFi..., http://www.facebook.com/ScottHermanFitness",,,,,"http://www.youtube.com/@ScottHermanFitness, https://www.youtube.com/@ScottHermanFitness, https://www.youtube.com/channel/UCEtMRF1ywKMc4sf3EXYyDzw, https://www.youtube.com/user/ScottHer, https://www.youtube.com/user/ScottHermanFitness, www.youtube.com/@ScottHermanFitness, www.youtube.com/channel/UCEtMRF1ywKMc4sf3EXYyDzw, youtube.com/@ScottHermanFitness, youtube.com/channel/UCEtMRF1ywKMc4sf3EXYyDzw",,,,,,,,
@hodgetwins,https://www.youtube.com/@hodgetwins/about,"VSloot@gersh.com, VSloot@gersh.com...tap, VSloot@gersh.comManagement, hodgetwins@gmail.com","http://twitter.com/hodgetwins, twitter.com/hodgetwins","https://www.instagram.com/officialhodgetwins, instagram.com/officialhodgetwins",,"facebook.com/thehodgetwins, https://www.facebook.com/thehodgetwins",,,,,"http://www.youtube.com/@hodgetwins, https://www.youtube.com/@hodgetwins, https://www.youtube.com/channel/UC69y0hZJEiF_drrxE50VLTQ, www.youtube.com/@hodgetwins, www.youtube.com/channel/UC69y0hZJEiF_drrxE50VLTQ, youtube.com/@hodgetwins, youtube.com/channel/UC69y0hZJEiF_drrxE50VLTQ","https://www.snapchat.com/add/hodge_twins, snapchat.com/add/hodge_twins",,,,,,,
@BobAndBrad,https://www.youtube.com/@BobAndBrad/about,,"https://twitter.com/PtFamous, https://twitter.com/realbobandbrad, twitter.com/realbobandbrad","https://www.instagram.com/officialbobandbrad, instagram.com/officialbobandbrad","https://www.tiktok.com/@bobandbrad, tiktok.com/@bobandbrad","facebook.com/BobandBrad, https://www.facebook.com/BobandBrad, https://www.facebook.com/Physical-The..., https://www.facebook.com/Physical-Therapy-317002538489676/timeline/",,,,,"http://www.youtube.com/@BobandBrad, https://www.youtube.com/@BobAndBrad, https://www.youtube.com/channel/UCmTe0LsfEbpkDpgrxKAWbRA, www.youtube.com/@BobandBrad, www.youtube.com/channel/UCmTe0LsfEbpkDpgrxKAWbRA, youtube.com/@BobAndBrad, youtube.com/channel/UCmTe0LsfEbpkDpgrxKAWbRA",,"https://www.pinterest.com/Bob_and_Brad, pinterest.com/Bob_and_Brad","https://www.threads.net/@officialbobandbrad, threads.net/@officialbobandbrad",,,,,
@PictureFit,https://www.youtube.com/@PictureFit/about,,"https://twitter.com/Picture_Fit, twitter.com/Picture_Fit","https://instagram.com/picturefit, instagram.com/picturefit","https://www.tiktok.com/@picture_fit, tiktok.com/@picture_fit","facebook.com/picturefityt, https://facebook.com/picturefityt",,,"discord.gg/picturefit, https://discord.gg/picturefit",,"http://www.youtube.com/@PictureFit, https://www.youtube.com/@PictureFit, https://www.youtube.com/channel/UCadiU6WTKl65HUwEih1XLYg, www.youtube.com/@PictureFit, www.youtube.com/channel/UCadiU6WTKl65HUwEih1XLYg, youtube.com/@PictureFit, youtube.com/channel/UCadiU6WTKl65HUwEih1XLYg",,,,,,,,
@RenaissancePeriodization,https://www.youtube.com/@RenaissancePeriodization/about,,,,,,,,,,"http://www.youtube.com/@RenaissancePeriodization, https://www.youtube.com/@RenaissancePeriodization, https://www.youtube.com/channel/UCfQg, https://www.youtube.com/channel/UCfQgsKhHjSyRLOp9mnffqVg, www.youtube.com/@RenaissancePeriodization, www.youtube.com/channel/UCfQgsKhHjSyRLOp9mnffqVg, youtube.com/@RenaissancePeriodization, youtube.com/channel/UCfQgsKhHjSyRLOp9mnffqVg",,,,,,,,
@AlphaDestiny,,,,,,,,,,,,,,,,,,,
@NathanielDrawnel,,,,,,,,,,,,,,,,,,,
@GregDoucette,https://www.youtube.com/@GregDoucette/about,,,"https://www.instagram.com/gregdoucetteifbbpro, instagram.com/gregdoucetteifbbpro",,,,,,,"http://www.youtube.com/@gregdoucette, https://www.youtube.com/@GregDoucette, https://www.youtube.com/channel/UCLqH-U2TXzj1h7lyYQZLNQQ, www.youtube.com/@gregdoucette, www.youtube.com/channel/UCLqH-U2TXzj1h7lyYQZLNQQ, youtube.com/@GregDoucette, youtube.com/channel/UCLqH-U2TXzj1h7lyYQZLNQQ",,,,,,,,
@IronWolfFitness,https://www.youtube.com/@IronWolfFitness/about,,,,,,,,,,"http://www.youtube.com/@IronWolfFitness, https://www.youtube.com/@IronWolfFitness, https://www.youtube.com/channel/UCby8eHdjhT_loM1WIuvpD9Q, www.youtube.com/@IronWolfFitness, www.youtube.com/channel/UCby8eHdjhT_loM1WIuvpD9Q, youtube.com/@IronWolfFitness, youtube.com/channel/UCby8eHdjhT_loM1WIuvpD9Q",,,,,,,,
@HillFit,https://www.youtube.com/@HillFit/about,,,,,,,,,,"http://www.youtube.com/@hillfit, https://www.youtube.com/@HillFit, https://www.youtube.com/channel/UCUI9-e43G4lQYj_48v1nl4g, www.youtube.com/@hillfit, www.youtube.com/channel/UCUI9-e43G4lQYj_48v1nl4g, youtube.com/@HillFit, youtube.com/channel/UCUI9-e43G4lQYj_48v1nl4g",,,,,,,,
@TaylorMadeTraining,https://www.youtube.com/@TaylorMadeTraining/about,,,instagram.com/luce.tmt,,,,,,,"http://www.youtube.com/@luce-tmt, https://www.youtube.com/@TaylorMadeTraining, https://www.youtube.com/channel/UCHLvD0lEL5b9IreUHYENs3g, www.youtube.com/@luce-tmt, www.youtube.com/channel/UCHLvD0lEL5b9IreUHYENs3g, youtube.com/@TaylorMadeTraining, youtube.com/channel/UCHLvD0lEL5b9IreUHYENs3g",,,,,,,,
@FitnessFAQs,https://www.youtube.com/@FitnessFAQs/about,,,https://www.instagram.com/FitnessFAQs,,https://www.facebook.com/FitnessFAQs,,,,,"http://www.youtube.com/@FitnessFAQs, https://www.youtube.com/@FitnessFAQs, https://www.youtube.com/channel/UC1CVzH-XVr3E-kTT6D8hhfg, www.youtube.com/@FitnessFAQs, www.youtube.com/channel/UC1CVzH-XVr3E-kTT6D8hhfg, youtube.com/@FitnessFAQs, youtube.com/channel/UC1CVzH-XVr3E-kTT6D8hhfg",,,,,,,,
@MattDoesFitness,https://www.youtube.com/@MattDoesFitness/about,,,"http://instagram.com/mattdoesfitness, instagram.com/mattdoesfitness",,"facebook.com/Mattdoesfitness, https://www.facebook.com/Mattdoesfitness",,,,,"http://www.youtube.com/@MattDoesFitness, https://www.youtube.com/@MattDoesFitness, https://www.youtube.com/channel/UCeqR0F3O1V11CiiOaJbd1pw, www.youtube.com/@MattDoesFitness, www.youtube.com/channel/UCeqR0F3O1V11CiiOaJbd1pw, youtube.com/@MattDoesFitness, youtube.com/channel/UCeqR0F3O1V11CiiOaJbd1pw",,,,,,,,
@TheFitnessMarshal,,,,,,,,,,,,,,,,,,,
@Ninja,https://www.youtube.com/@Ninja/about,,"http://Twitter.com/Ninja, twitter.com/Ninja","https://www.instagram.com/Ninja, instagram.com/Ninja","https://www.tiktok.com/@ninja, tiktok.com/@ninja",,,"https://www.twitch.tv/ninja, twitch.tv/ninja",,,"http://www.youtube.com/@Ninja, https://www.youtube.com/@Ninja, https://www.youtube.com/channel/UCAW-NpUFkMyCNrvRSSGIvDQ, www.youtube.com/@Ninja, www.youtube.com/channel/UCAW-NpUFkMyCNrvRSSGIvDQ, youtube.com/@Ninja, youtube.com/channel/UCAW-NpUFkMyCNrvRSSGIvDQ",,,,,,,,
@shroud,https://www.youtube.com/@shroud/about,,"http://twitter.com/shroud, https://twitter.com/loadedcsp, https://twitter.com/shroud, twitter.com/shroud","https://www.instagram.com/shroud, instagram.com/shroud","https://www.tiktok.com/@shroud, tiktok.com/@shroud",,,https://www.twitch.tv/shroud,,,"http://www.youtube.com/@shroud, https://www.youtube.com/@ShroudyRowdy, https://www.youtube.com/@shroud, https://www.youtube.com/channel/UCoz3Kpu5lv-ALhR4h9bDvcw, www.youtube.com/@shroud, www.youtube.com/channel/UCoz3Kpu5lv-ALhR4h9bDvcw, youtube.com/@ShroudyRowdy, youtube.com/@shroud, youtube.com/channel/UCoz3Kpu5lv-ALhR4h9bDvcw",,,,,,,,
@xQc,https://www.youtube.com/@xQc/about,satcheljump@gmail.com,"http://www.twitter.com/FlasherCS2, https://twitter.com/flashercs2, twitter.com/flashercs2","http://www.instagram.com/FlasherCS2, instagram.com/FlasherCS2",http://www.tiktok.com/@FlasherCS2,,,"http://www.twitch.tv/FlasherCS2, https://twitch.tv/FlasherCS2, twitch.tv/FlasherCS2","discord.gg/QRbVFsCp97, http://discord.gg/QRbVFsCp97",,"http://www.youtube.com/@xQc, https://www.youtube.com/@xQc, https://www.youtube.com/channel/UCAcqWLNfTmEDetgGQ9h3TXA, www.youtube.com/@xQc, www.youtube.com/channel/UCAcqWLNfTmEDetgGQ9h3TXA, youtube.com/@xQc, youtube.com/channel/UCAcqWLNfTmEDetgGQ9h3TXA",,,,,,,,
@MoistCr1TiKaL,,,,,,,,,,,,,,,,,,,
@Ludwig,https://www.youtube.com/@Ludwig/about,,,,,,,,,,"http://www.youtube.com/@ludwig, https://www.youtube.com/@Ludwig, https://www.youtube.com/channel/UCrPseYLGpNygVi34QpGNqpA, www.youtube.com/@ludwig, www.youtube.com/channel/UCrPseYLGpNygVi34QpGNqpA, youtube.com/@Ludwig, youtube.com/channel/UCrPseYLGpNygVi34QpGNqpA",,,,,,,,
@TimTheTatman,https://www.youtube.com/@TimTheTatman/about,,"https://twitter.com/timthetatman, https://x.com/timthetatman, x.com/timthetatman","https://instagram.com/timthetatman, https://www.instagram.com/timthetatman, instagram.com/timthetatman","https://tiktok.com/@timthetatman, tiktok.com/@timthetatman",,,"https://twitch.tv/timthetatman, twitch.tv/timthetatman",https://discord.gg/timthetatman,,"http://www.youtube.com/@timthetatman, https://www.youtube.com/@TimTheTatman, https://www.youtube.com/channel/UCXBE_QQSZueB8082ml5fslg, www.youtube.com/@timthetatman, www.youtube.com/channel/UCXBE_QQSZueB8082ml5fslg, youtube.com/@TimTheTatman, youtube.com/channel/UCXBE_QQSZueB8082ml5fslg",,,,,,,,
@pokimane,https://www.youtube.com/@pokimane/about,"nteampokimane@wmeagency.com, teampokimane@wmeagency.com","http://twitter.com/pokimanelol, twitter.com/pokimanelol","http://www.instagram.com/pokimanelol, instagram.com/pokimanelol","https://tiktok.com/@poki, tiktok.com/@poki","facebook.com/pokimane, http://www.facebook.com/pokimane",,"https://twitch.tv/pokimane, twitch.tv/pokimane",,,"http://www.youtube.com/@pokimane, https://www.youtube.com/@pokimane, https://www.youtube.com/channel/UChXKjLEzAB1K7EZQey7Fm1Q, www.youtube.com/@pokimane, www.youtube.com/channel/UChXKjLEzAB1K7EZQey7Fm1Q, youtube.com/@pokimane, youtube.com/channel/UChXKjLEzAB1K7EZQey7Fm1Q",,,,,,,,
@CohhCarnage,https://www.youtube.com/@CohhCarnage/about,,"http://twitter.com/cohhcarnage, twitter.com/cohhcarnage",,,,,"http://twitch.tv/Cohh, http://twitch.tv/CohhCarnage, twitch.tv/Cohh, twitch.tv/CohhCarnage, www.Twitch.tv/cohhcarnage",,,"http://www.youtube.com/@CohhCarnage, https://www.youtube.com/@CohhCarnage, https://www.youtube.com/@MoreCohh, https://www.youtube.com/channel/UCp9TXGvv2-7JVVdyKEi0A6A, www.youtube.com/@CohhCarnage, www.youtube.com/channel/UCp9TXGvv2-7JVVdyKEi0A6A, youtube.com/@CohhCarnage, youtube.com/@MoreCohh, youtube.com/channel/UCp9TXGvv2-7JVVdyKEi0A6A",,,,,,,,
@DrLupo,https://www.youtube.com/@DrLupo/about,,"https://twitter.com/DrLupo, twitter.com/DrLupo","https://instagram.com/DrLupo, https://www.instagram.com/DrLupo, instagram.com/DrLupo","https://tiktok.com/@drlupo, tiktok.com/@drlupo",,,,https://discord.gg/drlupo,,"http://www.youtube.com/@DrLupo, https://www.youtube.com/@DrLupo, https://www.youtube.com/c/DrLupoExtended, https://www.youtube.com/channel/UCNF0LEQ2abMr0PAX3cfkAMg, www.youtube.com/@DrLupo, www.youtube.com/channel/UCNF0LEQ2abMr0PAX3cfkAMg, youtube.com/@DrLupo, youtube.com/channel/UCNF0LEQ2abMr0PAX3cfkAMg",,,"https://threads.net/@drlupo, threads.net/@drlupo",,,,,
@Sykkuno,https://www.youtube.com/@Sykkuno/about,,"https://twitter.com/sykkuno, twitter.com/sykkuno","https://www.instagram.com/sykkuno, instagram.com/sykkuno",,,,,,,"http://www.youtube.com/@Sykkuno, https://www.youtube.com/@Sykkuno, https://www.youtube.com/channel/UCRAEUAmW9kletIzOxhpLRFw, www.youtube.com/@Sykkuno, www.youtube.com/channel/UCRAEUAmW9kletIzOxhpLRFw, youtube.com/@Sykkuno, youtube.com/channel/UCRAEUAmW9kletIzOxhpLRFw",,,,,,,,
@Valkyrae,https://www.youtube.com/@Valkyrae/about,,"http://twitter.com/valkyrae, https://twitter.com/Valkyrae, https://x.com/Meilylol, https://x.com/TheOneSamsonn, twitter.com/Valkyrae","http://instagram.com/valkyrae, https://www.instagram.com/valkyrae, instagram.com/valkyrae","https://www.tiktok.com/@valkyrae, tiktok.com/@valkyrae",,,,,,"http://www.youtube.com/@Valkyrae, https://www.youtube.com/@Valkyrae, https://www.youtube.com/@Valkyrae2, https://www.youtube.com/@ValkyraeShorts, https://www.youtube.com/@WineAboutItPodcast, https://www.youtube.com/channel/UCWxlUwW9BgGISaakjGM37aw, www.youtube.com/@Valkyrae, www.youtube.com/channel/UCWxlUwW9BgGISaakjGM37aw, youtube.com/@Valkyrae, youtube.com/@WineAboutItPodcast, youtube.com/channel/UCWxlUwW9BgGISaakjGM37aw",,,,,,,https://www.reddit.com/r/valkyrae,
@DisguisedToast,https://www.youtube.com/@DisguisedToast/about,,"http://twitter.com/DisguisedToast, http://www.twitter.com/disguisedtoast, https://x.com/_4our_, twitter.com/disguisedtoast","http://instagram.com/DisguisedToast, https://instagram.com/disguisedtoast, https://instagram.com/snk_tran, instagram.com/disguisedtoast","https://www.tiktok.com/@thedisguisedtoast, tiktok.com/@thedisguisedtoast",http://facebook.com/DisguisedToast,,"https://twitch.tv/disguisedtoast, https://www.twitch.tv/disguisedtoast, twitch.tv/disguisedtoast",https://discord.gg/Disguised,"https://patreon.com/Disguised, https://www.patreon.com/Disguised, patreon.com/Disguised","http://www.youtube.com/@DisguisedToast, https://www.youtube.com/@DisguisedToast, https://www.youtube.com/@disguisedggg, https://www.youtube.com/channel/UCUT8RoNBTJvwW1iErP6-b-A, https://www.youtube.com/channel/UCfl_9KvN0Mjre_JmSDmbBlA, https://youtube.com/c/drew0, www.youtube.com/@DisguisedToast, www.youtube.com/channel/UCUT8RoNBTJvwW1iErP6-b-A, youtube.com/@DisguisedToast, youtube.com/@disguisedggg, youtube.com/channel/UCUT8RoNBTJvwW1iErP6-b-A, youtube.com/channel/UCfl_9KvN0Mjre_JmSDmbBlA",,,,,,,,
@HasanAbi,https://www.youtube.com/@HasanAbi/about,,"https://twitter.com/hasanthehun, twitter.com/hasanthehun",,,,,"https://www.twitch.tv/hasanabi, https://www.twitch.tv/hasanabicheck, twitch.tv/hasanabi",,,"http://www.youtube.com/@HasanAbi, https://www.youtube.com/@FearAndPodcast, https://www.youtube.com/@HasanAbi, https://www.youtube.com/@hasan, https://www.youtube.com/channel/UCoatplmazY, https://www.youtube.com/channel/UCoatplmazYm, https://www.youtube.com/channel/UCoatplmazYmGMPe-3LRCeyg, https://www.youtube.com/channel/UCtoaZpBnrd0lhycxYJ4MNOQ, www.youtube.com/@HasanAbi, www.youtube.com/channel/UCtoaZpBnrd0lhycxYJ4MNOQ, youtube.com/@FearAndPodcast, youtube.com/@HasanAbi, youtube.com/@hasan, youtube.com/channel/UCoatplmazYmGMPe-3LRCeyg, youtube.com/channel/UCtoaZpBnrd0lhycxYJ4MNOQ",,,,,,,,
@Mizkif,https://www.youtube.com/@Mizkif/about,Mizkifsbusiness@gmail.com,"https://x.com/REALMizkif, x.com/REALMizkif","https://www.instagram.com/realmizkif, instagram.com/realmizkif","https://www.tiktok.com/@realmizkif, tiktok.com/@realmizkif",,,,,,"http://www.youtube.com/@Mizkif, https://www.youtube.com/@Mizkif, https://www.youtube.com/@MizkifToo, https://www.youtube.com/channel/UChl76B7zqfMcNzfMi9vJruw, www.youtube.com/@Mizkif, www.youtube.com/channel/UChl76B7zqfMcNzfMi9vJruw, youtube.com/@Mizkif, youtube.com/@MizkifToo, youtube.com/channel/UChl76B7zqfMcNzfMi9vJruw",,,,,,,,
@QTCinderella,https://www.youtube.com/@QTCinderella/about,,"https://twitter.com/JohnnieGuilbert, https://twitter.com/QTCinderella, https://twitter.com/TheOneSamsonn, https://twitter.com/TinaKitten, https://twitter.com/Wardenboo, https://twitter.com/bellapoarch, https://twitter.com/delightfulvivi, https://twitter.com/ironmouse, https://twitter.com/qtcinderella, https://twitter.com/rydantweets, https://twitter.com/shoobiart, https://twitter.com/thesketchreal, twitter.com/qtcinderella, x.com/en","https://www.instagram.com/QTCinderella, https://www.instagram.com/qtcinderella, instagram.com/qtcinderella",,,,"Twitch.tv/QTCinderella, https://www.twitch.tv/QTCinderella, https://www.twitch.tv/QTCinderellaTwitter, https://www.twitch.tv/bellapoarch, https://www.twitch.tv/ironmouse, https://www.twitch.tv/johnnieguilbert, https://www.twitch.tv/johnnieguilbertofficial, https://www.twitch.tv/qtcinderella, https://www.twitch.tv/thesketchreal, https://www.twitch.tv/tinakitten, twitch.tv/QTCinderella, twitch.tv/qtcinderella",,,"http://www.youtube.com/@QTCinderella, https://www.youtube.com/@QTCinderella, https://www.youtube.com/@blaire_qt, https://www.youtube.com/channel/UCAaCnaGdVpNzylKpou646vw, https://youtube.com/channel/UCotpsO5-, www.youtube.com/@QTCinderella, www.youtube.com/channel/UCAaCnaGdVpNzylKpou646vw, youtube.com/@QTCinderella, youtube.com/channel/UCAaCnaGdVpNzylKpou646vw",,,,"https://open.spotify.com/artist/0sz32bHLBDThEYTiQFTk25, open.spotify.com/artist/0sz32bHLBDThEYTiQFTk25",,,,
@Northernlion,https://www.youtube.com/@Northernlion/about,,"http://twitter.com/Northernlion, twitter.com/Northernlion",,,,,"http://twitch.tv/Northernlion, twitch.tv/Northernlion",,,"http://www.youtube.com/@Northernlion, https://www.youtube.com/@Northernlion, https://www.youtube.com/channel/UC3tNpTOHsTnkmbwztCs30sA, www.youtube.com/@Northernlion, www.youtube.com/channel/UC3tNpTOHsTnkmbwztCs30sA, youtube.com/@Northernlion, youtube.com/channel/UC3tNpTOHsTnkmbwztCs30sA",,,,,,,,
@RTGame,https://www.youtube.com/@RTGame/about,,,"https://www.instagram.com/rtgamecrowd, instagram.com/rtgamecrowd",,,,"http://www.twitch.tv/rtgame, https://www.twitch.tv/ashtaric, twitch.tv/rtgame","discord.gg/rtgame, http://discord.gg/rtgame, https://discord.gg/rtgame",,"http://www.youtube.com/@RTGame, https://www.youtube.com/@RTGame, https://www.youtube.com/@RTGameClips, https://www.youtube.com/@RTGameclips, https://www.youtube.com/channel/UCRC6, https://www.youtube.com/channel/UCRC6cNamj9tYAO6h_RXd5xA, https://www.youtube.com/channel/UCyUmevTef0H-pFaspmfTb3Q, www.youtube.com/@RTGame, www.youtube.com/channel/UCRC6cNamj9tYAO6h_RXd5xA, youtube.com/@RTGame, youtube.com/@RTGameclips, youtube.com/channel/UCRC6cNamj9tYAO6h_RXd5xA, youtube.com/channel/UCyUmevTef0H-pFaspmfTb3Q",,,,,,,,
@CallMeKevin,https://www.youtube.com/@CallMeKevin/about,,"https://twitter.com/CallMeKevin1811, twitter.com/CallMeKevin1811","https://www.instagram.com/callmekevin1811, instagram.com/callmekevin1811",,,,"https://www.twitch.tv/callmekevin, twitch.tv/callmekevin",,,"http://www.youtube.com/@CallMeKevin, https://www.youtube.com/@CallMeKevin, https://www.youtube.com/channel/UCX1F, https://www.youtube.com/channel/UCdoPCztTOW7BJUPk2h5ttXA, www.youtube.com/@CallMeKevin, www.youtube.com/channel/UCdoPCztTOW7BJUPk2h5ttXA, youtube.com/@CallMeKevin, youtube.com/channel/UCdoPCztTOW7BJUPk2h5ttXA",,,,,,,,
@PointCrow,https://www.youtube.com/@PointCrow/about,,"https://twitter.com/pointcrow, twitter.com/pointcrow","https://instagram.com/pointcrow, instagram.com/pointcrow",,,,"https://twitch.tv/pointcrow, twitch.tv/pointcrow","discord.gg/PointCrow, https://discord.gg/PointCrow",,"http://www.youtube.com/@PointCrow, https://www.youtube.com/@PointCrow, https://www.youtube.com/channel/UCG6zBb8GZKo1XZW4eHdg-0Q, www.youtube.com/@PointCrow, www.youtube.com/channel/UCG6zBb8GZKo1XZW4eHdg-0Q, youtube.com/@PointCrow, youtube.com/channel/UCG6zBb8GZKo1XZW4eHdg-0Q",,,,,,,,
@SmallAnt,https://www.youtube.com/@SmallAnt/about,,,,,,,"https://www.twitch.tv/SmallAnt, twitch.tv/SmallAnt","discord.gg/Smallant, https://discord.gg/Smallant",,"http://www.youtube.com/@Smallant, https://www.youtube.com/@SmallAnt, https://www.youtube.com/channel/UC0VVYtw21rg2cokUystu2Dw, https://www.youtube.com/channel/UC4wO7RzQNfth5EXXsqhMqeg, https://www.youtube.com/channel/UCnyP4sbJVIU9JqHz4l6oQZw, www.youtube.com/@Smallant, www.youtube.com/channel/UC0VVYtw21rg2cokUystu2Dw, youtube.com/@SmallAnt, youtube.com/channel/UC0VVYtw21rg2cokUystu2Dw, youtube.com/channel/UC4wO7RzQNfth5EXXsqhMqeg, youtube.com/channel/UCnyP4sbJVIU9JqHz4l6oQZw",,,,,,,,
@GordonRamsay,https://www.youtube.com/@GordonRamsay/about,,"http://www.twitter.com/GordonRamsay, https://www.twitter.com/gordonramsay, twitter.com/gordonramsay","http://www.instagram.com/Gordongram, https://instagram.com/gordongram, instagram.com/gordongram","http://www.tiktok.com/@GordonRamsayOf..., http://www.tiktok.com/@GordonRamsayOfficial, https://www.tiktok.com/@gordonramsayofficial, tiktok.com/@gordonramsayofficial","facebook.com/gordonramsay, http://www.facebook.com/GordonRamsay, https://www.facebook.com/gordonramsay/",,,,,"http://www.youtube.com/@gordonramsay, https://www.youtube.com/channel/UCIEv, https://www.youtube.com/channel/UCIEv3lZ_tNXHzL3ox-_uUGQ, www.youtube.com/@gordonramsay, www.youtube.com/channel/UCIEv3lZ_tNXHzL3ox-_uUGQ, youtube.com/channel/UCIEv3lZ_tNXHzL3ox-_uUGQ",,,,,,,,
@BabishCulinaryUniverse,,,,,,,,,,,,,,,,,,,
@JoshuaWeissman,https://www.youtube.com/@JoshuaWeissman/about,josh.cohen@oddprojects.com,"http://www.twitter.com/therealweissman, https://twitter.com/therealweissman, twitter.com/therealweissman","http://www.instagram.com/joshuaweissman, https://instagram.com/joshuaweissman, instagram.com/joshuaweissman","https://www.tiktok.com/@flakeysalt, tiktok.com/@flakeysalt","facebook.com/thejoshuaweissman, http://www.facebook.com/thejoshuaweissman, https://facebook.com/thejoshuaweissman",,,,,"http://www.youtube.com/@JoshuaWeissman, https://www.youtube.com/@JoshuaWeissm, https://www.youtube.com/@JoshuaWeissman, https://www.youtube.com/@JoshuaWeissmanRecipes, https://www.youtube.com/channel/UChBEbMKI1eCcejTtmI32UEw, www.youtube.com/@JoshuaWeissman, www.youtube.com/channel/UChBEbMKI1eCcejTtmI32UEw, youtube.com/@JoshuaWeissman, youtube.com/channel/UChBEbMKI1eCcejTtmI32UEw",,,,,,,,
@SortedFood,https://www.youtube.com/@SortedFood/about,partnerships@sortedfood.com,,"http://www.instagram.com/sortedfood, instagram.com/sortedfood","http://tiktok.com/sortedfoodofficial, tiktok.com/sortedfoodofficial",,,,,,"http://www.youtube.com/@SortedFood, https://www.youtube.com/@SortedFood, https://www.youtube.com/@SortedKids, https://www.youtube.com/channel/UCfye, https://www.youtube.com/channel/UCfyehHM_eo4g5JUyWmms2LA, www.youtube.com/@SortedFood, www.youtube.com/channel/UCfyehHM_eo4g5JUyWmms2LA, youtube.com/@SortedFood, youtube.com/@SortedKids, youtube.com/channel/UCfyehHM_eo4g5JUyWmms2LA",,,,,,,,
@EthanChlebowski,https://www.youtube.com/@EthanChlebowski/about,,https://twitter.com/EthanChleb,https://www.instagram.com/echleb,https://www.tiktok.com/@ethanchlebowski,,,,,,"http://www.youtube.com/@CookWellCo, http://www.youtube.com/@EthanChlebowski, https://www.youtube.com/@CookWellCo, https://www.youtube.com/@EthanChlebowski, https://www.youtube.com/channel/UCDq5v10l4wkV5-ZBIJJFbzQ, www.youtube.com/@EthanChlebowski, www.youtube.com/channel/UCDq5v10l4wkV5-ZBIJJFbzQ, youtube.com/@CookWellCo, youtube.com/@EthanChlebowski, youtube.com/channel/UCDq5v10l4wkV5-ZBIJJFbzQ",,,,,,,,
@ProHomeCooks,,,,,,,,,,,,,,,,,,,
@Foodwishes,https://www.youtube.com/@Foodwishes/about,,,,,"facebook.com/foodwishes, https://www.facebook.com/foodwishes",,,,,"http://www.youtube.com/@foodwishes, https://www.youtube.com/@Foodwishes, https://www.youtube.com/channel/UCRIZ, https://www.youtube.com/channel/UCRIZtPl9nb9RiXc9btSTQNw, www.youtube.com/@foodwishes, www.youtube.com/channel/UCRIZtPl9nb9RiXc9btSTQNw, youtube.com/@Foodwishes, youtube.com/channel/UCRIZtPl9nb9RiXc9btSTQNw",,,,,,,,
@Tasty,,,,,,,,,,,,,,,,,,,
@YouSuckAtCooking,https://www.youtube.com/@YouSuckAtCooking/about,,"http://twitter.com/yousuckatcookin, twitter.com/yousuckatcookin","http://instagram.com/yousuckatcooking, instagram.com/yousuckatcooking",http://tiktok.com/@yousuckatcooking,"https://www.facebook.com/yousuckatcoo..., https://www.facebook.com/yousuckatcooking/",,,,,"http://www.youtube.com/@yousuckatcooking, https://www.youtube.com/@YouSuckAtCooking, https://www.youtube.com/channel/UCekQr9znsk2vWxBo3YiLq2w, www.youtube.com/@yousuckatcooking, www.youtube.com/channel/UCekQr9znsk2vWxBo3YiLq2w, youtube.com/@YouSuckAtCooking, youtube.com/channel/UCekQr9znsk2vWxBo3YiLq2w",,,,,,,,
@SeriousEats,https://www.youtube.com/@SeriousEats/about,,https://twitter.com/seriouseats,https://instagram.com/seriouseats,,"facebook.com/seriouseats, http://facebook.com/seriouseats, https://facebook.com/seriouseats",,,,,"http://www.youtube.com/@seriouseats, https://www.youtube.com/@SeriousEats, https://www.youtube.com/channel/UC6S5a3MQtr_PSWZxysXkOCg, www.youtube.com/@seriouseats, www.youtube.com/channel/UC6S5a3MQtr_PSWZxysXkOCg, youtube.com/@SeriousEats, youtube.com/channel/UC6S5a3MQtr_PSWZxysXkOCg",,"http://pinterest.com/seriouseats, pinterest.com/seriouseats",,,,,https://reddit.com/r/seriouseats,
@BrianLagerstrom,https://www.youtube.com/@BrianLagerstrom/about,"BrianLagerstrom@solaromgmt.com, brianrecipetest@yahoo.com",,"https://www.instagram.com/brian_lagerstrom, instagram.com/brian_lagerstrom",,"facebook.com/weedsandsardines, https://www.facebook.com/weedsandsardines",,,,,"http://www.youtube.com/@BrianLagerstrom, https://www.youtube.com/@BrianLagerstrom, https://www.youtube.com/channel/UCn5fhcGRrCvrmFibPbT6q1A, www.youtube.com/@BrianLagerstrom, www.youtube.com/channel/UCn5fhcGRrCvrmFibPbT6q1A, youtube.com/@BrianLagerstrom, youtube.com/channel/UCn5fhcGRrCvrmFibPbT6q1A",,,,,,,,
@AndrewRea,https://www.youtube.com/@AndrewRea/about,,,,,,,,,,"http://www.youtube.com/@AndrewRea, https://www.youtube.com/@AndrewRea, https://www.youtube.com/channel/UClfBnF6vWW-w4YGSEoGCifQ, www.youtube.com/@AndrewRea, www.youtube.com/channel/UClfBnF6vWW-w4YGSEoGCifQ, youtube.com/@AndrewRea, youtube.com/channel/UClfBnF6vWW-w4YGSEoGCifQ",,,,,,,,
@CharlesEvansCook,,,,,,,,,,,,,,,,,,,
@Internet Shaquille,,,,,,,,,,,,,,,,,,,
@FrenchCookingAcademy,https://www.youtube.com/@FrenchCookingAcademy/about,,,"https://www.instagram.com/french_cook..., https://www.instagram.com/french_cooking_academy, https://www.instagram.com/frenchcookacademy, instagram.com/frenchcookacademy",,"https://www.facebook.com/FrenchCookin..., https://www.facebook.com/FrenchCookingAcademy",,,,"https://www.patreon.com/frenchcooking, https://www.patreon.com/frenchcookingacademy","http://www.youtube.com/@FrenchCookingAcademy, https://www.youtube.com/@FrenchCookingAcademy, https://www.youtube.com/channel/UC0lG3Ihe4LGV851lODRIS5g, www.youtube.com/@FrenchCookingAcademy, www.youtube.com/channel/UC0lG3Ihe4LGV851lODRIS5g, youtube.com/@FrenchCookingAcademy, youtube.com/channel/UC0lG3Ihe4LGV851lODRIS5g",,,,,,,,
@ChefJohnFoodWishes,,,,,,,,,,,,,,,,,,,
@MikeyChenCooks,,,,,,,,,,,,,,,,,,,
@SpicyMoustache,https://www.youtube.com/@SpicyMoustache/about,,,"https://www.instagram.com/accounts, instagram.com/accounts","https://www.tiktok.com/@spicymoustache, tiktok.com/@spicymoustache","facebook.com/spicymoustache, https://www.facebook.com/spicymoustache/",,,,,"http://www.youtube.com/@SpicyMoustache, https://www.youtube.com/@SpicyMoustache, https://www.youtube.com/channel/UCiNqkJzyd_5qNm7jw_FcJqw, www.youtube.com/@SpicyMoustache, www.youtube.com/channel/UCiNqkJzyd_5qNm7jw_FcJqw, youtube.com/@SpicyMoustache, youtube.com/channel/UCiNqkJzyd_5qNm7jw_FcJqw",,,,,,,,
@TabiEats,https://www.youtube.com/@TabiEats/about,nContact@TiceTunes.com,,"http://instagram.com/smine27, https://www.instagram.com/smine27, instagram.com/smine27","https://www.tiktok.com/@shinichimine, tiktok.com/@shinichimine","facebook.com/Tabieats, https://www.facebook.com/Tabieats",,,,"https://www.patreon.com/tabieats, patreon.com/tabieats","http://www.youtube.com/@TabiEats, https://www.youtube.com/@TabiEats, https://www.youtube.com/channel/UC6Je3-ZV_x38NqQAxKiCCyQ, www.youtube.com/@TabiEats, www.youtube.com/channel/UC6Je3-ZV_x38NqQAxKiCCyQ, youtube.com/@TabiEats, youtube.com/channel/UC6Je3-ZV_x38NqQAxKiCCyQ",,,,,,,,
@LifeByMikeG,https://www.youtube.com/@LifeByMikeG/about,,,"http://instagram.com/lifebymikeg, instagram.com/lifebymikeg","https://www.tiktok.com/@lifebymikeg, tiktok.com/@lifebymikeg",,,,,,"http://www.youtube.com/@LifebyMikeG, https://www.youtube.com/@AnkerSOLIX, https://www.youtube.com/@LifeByMikeG, https://www.youtube.com/channel/UCzH5n3Ih5kgQoiDAQt2FwLw, www.youtube.com/@LifebyMikeG, www.youtube.com/channel/UCzH5n3Ih5kgQoiDAQt2FwLw, youtube.com/@LifeByMikeG, youtube.com/channel/UCzH5n3Ih5kgQoiDAQt2FwLw",,,,,,,,
@CGPGrey,https://www.youtube.com/@CGPGrey/about,,,,,,,,,https://www.patreon.com/cgpgrey,"http://www.youtube.com/@CGPGrey, https://www.youtube.com/@CGPGrey, https://www.youtube.com/channel/UC2C_jShtL725hvbm1arSV9w, www.youtube.com/@CGPGrey, www.youtube.com/channel/UC2C_jShtL725hvbm1arSV9w, youtube.com/@CGPGrey, youtube.com/channel/UC2C_jShtL725hvbm1arSV9w",,,,,,,,
@Wendoverproductions,https://www.youtube.com/@Wendoverproductions/about,,"https://twitter.com/wendoverpro, twitter.com/wendoverpro","https://www.instagram.com/sam.from.wendover, instagram.com/sam.from.wendover",,,,,,"https://www.patreon.com/wendoverproductions, patreon.com/wendoverproductions","http://www.youtube.com/@Wendoverproductions, https://www.youtube.com/@Wendoverproductions, https://www.youtube.com/channel/UC9RM-iSvTu1uPJb8X5yp3EQ, https://www.youtube.com/channel/UCDA1, https://www.youtube.com/channel/UCxkM, www.youtube.com/@Wendoverproductions, www.youtube.com/channel/UC9RM-iSvTu1uPJb8X5yp3EQ, youtube.com/@Wendoverproductions, youtube.com/channel/UC9RM-iSvTu1uPJb8X5yp3EQ",,,,,,,"https://www.reddit.com/r/wendoverproductions, reddit.com/r/wendoverproductions",
@RealLifeLore,https://www.youtube.com/@RealLifeLore/about,reallifelore@standard.tv,,,,"facebook.com/RealLifeLore, https://www.facebook.com/RealLifeLore, https://www.facebook.com/RealLifeLore/",,,,,"http://www.youtube.com/@RealLifeLore, https://www.youtube.com/@RealLifeLore, https://www.youtube.com/channel/UCP5t, https://www.youtube.com/channel/UCP5tjEmvPItGyLhmjdwP7Ww, www.youtube.com/@RealLifeLore, www.youtube.com/channel/UCP5tjEmvPItGyLhmjdwP7Ww, youtube.com/@RealLifeLore, youtube.com/channel/UCP5tjEmvPItGyLhmjdwP7Ww",,,,,,,,
@PolyMatter,https://www.youtube.com/@PolyMatter/about,polymatter@standard.tv,https://twitter.com/polymatters,,,,,,,,"http://www.youtube.com/@PolyMatter, https://www.youtube.com/@PolyMatter, https://www.youtube.com/channel/UCgNg3vwj3xt7QOrcIDaHdFg, www.youtube.com/@PolyMatter, www.youtube.com/channel/UCgNg3vwj3xt7QOrcIDaHdFg, youtube.com/@PolyMatter, youtube.com/channel/UCgNg3vwj3xt7QOrcIDaHdFg",,,,,,,https://reddit.com/r/PolyMatter,
@TierZoo,https://www.youtube.com/@TierZoo/about,,"https://www.twitter.com/TierZoo, twitter.com/TierZoo","https://www.instagram.com/thetierzoo, instagram.com/thetierzoo",,,,"https://www.twitch.tv/tierzoo, twitch.tv/tierzoo",,"https://www.patreon.com/TierZoo, patreon.com/TierZoo","http://www.youtube.com/@TierZoo, https://www.youtube.com/@TierZoo, https://www.youtube.com/channel/UCHsRtomD4twRf5WVHHk-cMw, www.youtube.com/@TierZoo, www.youtube.com/channel/UCHsRtomD4twRf5WVHHk-cMw, youtube.com/@TierZoo, youtube.com/channel/UCHsRtomD4twRf5WVHHk-cMw",,,,,,,,
@OverSimplified,https://www.youtube.com/@OverSimplified/about,,"https://twitter.com/over_simplified, twitter.com/over_simplified","https://www.instagram.com/over_simpli..., https://www.instagram.com/over_simplified, instagram.com/over_simplified",,"facebook.com/oversimplified, https://www.facebook.com/oversimplified, https://www.facebook.com/oversimplified/",,,"https://discord.com/invite/OverSimpli, https://discord.com/invite/OverSimplified","https://www.patreon.com/OverSimple, patreon.com/OverSimple","http://www.youtube.com/@OverSimplified, https://www.youtube.com/@OverSimplified, https://www.youtube.com/channel/UCNIuvl7V8zACPpTmmNIqP2A, www.youtube.com/@OverSimplified, www.youtube.com/channel/UCNIuvl7V8zACPpTmmNIqP2A, youtube.com/@OverSimplified, youtube.com/channel/UCNIuvl7V8zACPpTmmNIqP2A",,,,,,,"https://www.reddit.com/r/OverSimplified, reddit.com/r/OverSimplified",
@HistoryMatters,https://www.youtube.com/@HistoryMatters/about,,,,,,,,,"https://www.patreon.com/user, patreon.com/user","http://www.youtube.com/@HistoryMatters, https://www.youtube.com/@HistoryMatters, https://www.youtube.com/channel/UC22BdTgxefuvUivrjesETjg, www.youtube.com/@HistoryMatters, www.youtube.com/channel/UC22BdTgxefuvUivrjesETjg, youtube.com/@HistoryMatters, youtube.com/channel/UC22BdTgxefuvUivrjesETjg",,,,,,,,
@Thoughty2,https://www.youtube.com/@Thoughty2/about,,,"https://instagram.com/thoughty2, instagram.com/thoughty2","https://www.tiktok.com/@realthoughty2, tiktok.com/@realthoughty2","facebook.com/thoughty2, https://facebook.com/thoughty2, https://www.facebook.com/thoughty2/",,,,"https://www.patreon.com/thoughty2, patreon.com/thoughty2","http://www.youtube.com/@Thoughty2, https://www.youtube.com/@Thoughty2, https://www.youtube.com/channel/UCRlICXvO4XR4HMeEB9JjDlA, www.youtube.com/@Thoughty2, www.youtube.com/channel/UCRlICXvO4XR4HMeEB9JjDlA, youtube.com/@Thoughty2, youtube.com/channel/UCRlICXvO4XR4HMeEB9JjDlA",,,,"https://open.spotify.com/show/1ybLAlijhdZUqMvnM0Ya1V, open.spotify.com/show/1ybLAlijhdZUqMvnM0Ya1V",,,,
@HalfAsInteresting,https://www.youtube.com/@HalfAsInteresting/about,,"http://twitter.com/halfinteresting, https://twitter.com/HalfInteresting, twitter.com/HalfInteresting","http://Instagram.com/Sam.From.Wendover, instagram.com/sam.from.wendover, www.instagram.com/sam.from.wendover",,,,,,,"http://www.youtube.com/@halfasinteresting, https://www.youtube.com/@HalfAsInteresting, https://www.youtube.com/channel/UCuCkxoKLYO_EQ2GeFtbM_bw, www.youtube.com/@halfasinteresting, www.youtube.com/channel/UCuCkxoKLYO_EQ2GeFtbM_bw, youtube.com/@HalfAsInteresting, youtube.com/channel/UCuCkxoKLYO_EQ2GeFtbM_bw",,,,,,,"http://www.Reddit.com/r/halfasinteres, http://www.Reddit.com/r/halfasinteresting",
@WonderWhy,https://www.youtube.com/@WonderWhy/about,,"https://twitter.com/WonderWhy7439, twitter.com/WonderWhy7439",,,,,,"discord.gg/eshPYMhMTw, https://discord.gg/eshPYMhMTw","https://www.patreon.com/wonderwhy, patreon.com/wonderwhy","http://www.youtube.com/@WonderWhy, https://www.youtube.com/@WonderWhy, https://www.youtube.com/channel/UCcEPmwpXKrKzZahqjwpIAsQ, www.youtube.com/@WonderWhy, www.youtube.com/channel/UCcEPmwpXKrKzZahqjwpIAsQ, youtube.com/@WonderWhy, youtube.com/channel/UCcEPmwpXKrKzZahqjwpIAsQ",,,,,,,,
@Vsauce,https://www.youtube.com/@Vsauce/about,,"http://www.twitter.com/tweetsauce, twitter.com/tweetsauce","http://www.instagram.com/electricpants, instagram.com/electricpants",,"facebook.com/VsauceHQ, http://www.facebook.com/VsauceHQ",,,,,"http://www.youtube.com/@Vsauce, https://www.youtube.com/@Vsauce, https://www.youtube.com/channel/UC6nSFpj9HTCZ5t-N3Rm3-HA, www.youtube.com/@Vsauce, www.youtube.com/channel/UC6nSFpj9HTCZ5t-N3Rm3-HA, youtube.com/@Vsauce, youtube.com/channel/UC6nSFpj9HTCZ5t-N3Rm3-HA",,,,,,,,
@Vsauce2,https://www.youtube.com/@Vsauce2/about,,"https://twitter.com/VsauceTwo, twitter.com/VsauceTwo","https://www.instagram.com/kevlieber, instagram.com/kevlieber","https://www.tiktok.com/@vsaucetwo, tiktok.com/@vsaucetwo","facebook.com/VsauceTwo, https://www.facebook.com/VsauceTwo",,,,"https://www.patreon.com/Vsauce2, patreon.com/Vsauce2","http://www.youtube.com/@Vsauce2, https://www.youtube.com/@Vsauce2, https://www.youtube.com/@mindbloworig, https://www.youtube.com/@mindbloworiginal, https://www.youtube.com/channel/UCqmugCqELzhIMNYnsjScXXw, www.youtube.com/@Vsauce2, www.youtube.com/channel/UCqmugCqELzhIMNYnsjScXXw, youtube.com/@Vsauce2, youtube.com/channel/UCqmugCqELzhIMNYnsjScXXw",,,,,,,,
@Vsauce3,https://www.youtube.com/@Vsauce3/about,,"http://www.twitter.com/vsaucethree, twitter.com/vsaucethree","http://www.instagram.com/jakerawr, instagram.com/jakerawr",,"facebook.com/vsauce3, http://www.facebook.com/vsauce3",,,,,"http://www.youtube.com/@Vsauce3, https://www.youtube.com/@Vsauce3, https://www.youtube.com/channel/UCwmFOfFuvRPI112vR5DNnrA, https://www.youtube.com/user/ATOMICMARI, https://www.youtube.com/user/Vsauce, https://www.youtube.com/user/iDubbbzTV, www.youtube.com/@Vsauce3, www.youtube.com/channel/UCwmFOfFuvRPI112vR5DNnrA, youtube.com/@Vsauce3, youtube.com/channel/UCwmFOfFuvRPI112vR5DNnrA",,,,,,,,
@SmarterEveryDay,https://www.youtube.com/@SmarterEveryDay/about,KBAZ_COMMSTRAT@usmc.mil,"http://twitter.com/smartereveryday, x.com/Crash_Sites",http://www.instagram.com/smartereveryday,,"facebook.com/pages/Smarter-Every-Day/216515601715946, https://www.facebook.com/SmarterEveryDay, https://www.facebook.com/pages/Smarter-Every-Day/216515601715946",,,,"http://www.patreon.com/smartereveryday, patreon.com/smartereveryday","http://www.youtube.com/@smartereveryday, https://www.youtube.com/@SmarterEveryDay, https://www.youtube.com/channel/UC6107grRI4m0o2-emgoDnAA, https://www.youtube.com/user/FunnerEveryDay, www.youtube.com/@smartereveryday, www.youtube.com/channel/UC6107grRI4m0o2-emgoDnAA, youtube.com/@SmarterEveryDay, youtube.com/channel/UC6107grRI4m0o2-emgoDnAA, youtube.com/user/FunnerEveryDay",,,,,,,http://www.reddit.com/r/smartereveryday,
@MarkRober,https://www.youtube.com/@MarkRober/about,,,"https://www.instagram.com/markrober, instagram.com/markrober","https://www.tiktok.com/@markrober, tiktok.com/@markrober","facebook.com/MarkRoberYouTube, https://www.facebook.com/MarkRoberYouTube",,,,,"http://www.youtube.com/@MarkRober, https://www.youtube.com/@MarkRober, https://www.youtube.com/channel/UCY1kMZp36IQSyNx_9h4mpCg, www.youtube.com/@MarkRober, www.youtube.com/channel/UCY1kMZp36IQSyNx_9h4mpCg, youtube.com/@MarkRober, youtube.com/channel/UCY1kMZp36IQSyNx_9h4mpCg",,,,,,"https://soundcloud.com/andrewapplepie, https://soundcloud.com/bluewednesday",,
@Destin,https://www.youtube.com/@Destin/about,,,,,,,,,,"http://www.youtube.com/@Destin, https://www.youtube.com/@Destin, https://www.youtube.com/channel/UCwtDrS0m8bkWkEL8lg7c2Hg, www.youtube.com/@Destin, www.youtube.com/channel/UCwtDrS0m8bkWkEL8lg7c2Hg, youtube.com/@Destin, youtube.com/channel/UCwtDrS0m8bkWkEL8lg7c2Hg",,,,,,,,
@TedEd,https://www.youtube.com/@TedEd/about,,"http://www.twitter.com/TED_Ed, twitter.com/TED_Ed","https://www.instagram.com/tededanimation, instagram.com/tededanimation",,"facebook.com/TEDEducation, http://www.facebook.com/TEDEducation",,,,"https://www.patreon.com/teded, patreon.com/teded","http://www.youtube.com/@TEDEd, https://www.youtube.com/@TEDEdArabic, https://www.youtube.com/@TEDEdFrench, https://www.youtube.com/@TEDEdHebrew, https://www.youtube.com/@TEDEdPortuguese, https://www.youtube.com/@TEDEdSwahili, https://www.youtube.com/@TEDEdThai, https://www.youtube.com/@TedEd, https://www.youtube.com/channel/UCsooa4yRKGN_zEE8iknghZA, www.youtube.com/@TEDEd, www.youtube.com/channel/UCsooa4yRKGN_zEE8iknghZA, youtube.com/@TedEd, youtube.com/channel/UCsooa4yRKGN_zEE8iknghZA",,,,,,,,
@CrashCourse,https://www.youtube.com/@CrashCourse/about,,http://www.twitter.com/TheCrashCourse,"http://instagram.com/thecrashcourse, https://www.instagram.com/thecrashcou..., https://www.instagram.com/thecrashcourse, instagram.com/thecrashcourse","https://www.tiktok.com/@crashcourse, tiktok.com/@crashcourse","facebook.com/YouTubeCrashCourse, http://www.facebook.com/YouTubeCrashC..., http://www.facebook.com/YouTubeCrashCourse",,,,"http://patreon.com/crashcourse, http://www.patreon.com/crashcourse, https://www.patreon.com/crashcourse, patreon.com/crashcourse","http://www.youtube.com/@crashcourse, https://www.youtube.com/@CrashCourse, https://www.youtube.com/channel/UCX6b17PVsYBQ0ip5gyeme-Q, www.youtube.com/@crashcourse, www.youtube.com/channel/UCX6b17PVsYBQ0ip5gyeme-Q, youtube.com/@CrashCourse, youtube.com/channel/UCX6b17PVsYBQ0ip5gyeme-Q",,,,,,,,
@MinuteEarth,https://www.youtube.com/@MinuteEarth/about,,"http://twitter.com/minuteearth, https://twitter.com/MinuteEarth, twitter.com/minuteearth","https://instagram.com/minute_earth, https://www.instagram.com/minute_earth, instagram.com/minute_earth","https://tiktok.com/@minuteearth, tiktok.com/@minuteearth","facebook.com/minuteearth, https://facebook.com/Minuteearth, https://www.facebook.com/minuteearth",,,,"https://patreon.com/MinuteEarth, https://www.patreon.com/minuteearth, patreon.com/minuteearth","http://www.youtube.com/@MinuteEarth, https://www.youtube.com/@MinuteEarth, https://www.youtube.com/channel/UCeiYXex_fwgYDonaTcSIk6w, www.youtube.com/@MinuteEarth, www.youtube.com/channel/UCeiYXex_fwgYDonaTcSIk6w, youtube.com/@MinuteEarth, youtube.com/channel/UCeiYXex_fwgYDonaTcSIk6w",,,,,"https://podcasts.apple.com/us/podcast..., https://podcasts.apple.com/us/podcast/minuteearth/id649211176",,,
@Sciencephile,https://www.youtube.com/@Sciencephile/about,,,,,,,,,,"http://www.youtube.com/@sciencephile, https://www.youtube.com/@Sciencephile, https://www.youtube.com/channel/UCVNmqNpLvAsJ1tgwY0AGGHQ, www.youtube.com/@sciencephile, www.youtube.com/channel/UCVNmqNpLvAsJ1tgwY0AGGHQ, youtube.com/@Sciencephile, youtube.com/channel/UCVNmqNpLvAsJ1tgwY0AGGHQ",,,,,,,,
@LostLeBlanc,https://www.youtube.com/@LostLeBlanc/about,,,"https://instagram.com/lostleblanc, https://www.instagram.com/lostleblanc",https://tiktok.com/@lostleblanc,,,,,,"http://www.youtube.com/@lostleblanc, https://www.youtube.com/@LostLeBlanc, https://www.youtube.com/channel/UCt_NLJ4McJlCyYM-dSPRo7Q, https://youtube.com/@lostlevlog, www.youtube.com/@lostleblanc, www.youtube.com/channel/UCt_NLJ4McJlCyYM-dSPRo7Q, youtube.com/@LostLeBlanc, youtube.com/channel/UCt_NLJ4McJlCyYM-dSPRo7Q",,,,,,,,
@KaraandNate,https://www.youtube.com/@KaraandNate/about,,,"https://www.instagram.com/karaandnate, instagram.com/karaandnate","https://www.tiktok.com/@karaandnate, tiktok.com/@karaandnate","facebook.com/KaraandNate.Videos, https://www.facebook.com/KaraandNate.Videos",,,,,"http://www.youtube.com/@KaraandNate, https://www.youtube.com/@KaraandNate, https://www.youtube.com/channel/UC4ijq8Cg-8zQKx8OH12dUSw, www.youtube.com/@KaraandNate, www.youtube.com/channel/UC4ijq8Cg-8zQKx8OH12dUSw, youtube.com/@KaraandNate, youtube.com/channel/UC4ijq8Cg-8zQKx8OH12dUSw",,,,,,,,
@MarkWiens,https://www.youtube.com/@MarkWiens/about,,,"https://www.instagram.com/migrationol..., https://www.instagram.com/migrationology, instagram.com/migrationology",https://www.tiktok.com/@markwiens,"facebook.com/markwiensfoodvideos, https://www.facebook.com/markwiensfoo..., https://www.facebook.com/markwiensfoodvideos",,,,,"http://www.youtube.com/@MarkWiens, https://www.youtube.com/@MarkWiens, https://www.youtube.com/@MarkWiensAbroad, https://www.youtube.com/channel/UCyEd6QBSgat5kkC6svyjudA, www.youtube.com/@MarkWiens, www.youtube.com/channel/UCyEd6QBSgat5kkC6svyjudA, youtube.com/@MarkWiens, youtube.com/@MarkWiensAbroad, youtube.com/channel/UCyEd6QBSgat5kkC6svyjudA",,,,,,,,
@AbroadinJapan,https://www.youtube.com/@AbroadinJapan/about,hello@abroadinjapan.com,https://twitter.com/AbroadInJapan,"https://instagram.com/abroadinjapan, instagram.com/abroadinjapan",,"facebook.com/abroadinjapan, https://www.facebook.com/abroadinjapan, https://www.facebook.com/abroadinjapan/",,,,"https://www.patreon.com/abroadinjapan, https://www.patreon.com/abroadinjapanAs, patreon.com/abroadinjapan","http://www.youtube.com/@AbroadinJapan, https://www.youtube.com/@AbroadinJapan, https://www.youtube.com/channel/UCHL9bfHTxCMi-7vfxQ-AYtg, www.youtube.com/@AbroadinJapan, www.youtube.com/channel/UCHL9bfHTxCMi-7vfxQ-AYtg, youtube.com/@AbroadinJapan, youtube.com/channel/UCHL9bfHTxCMi-7vfxQ-AYtg",,,,,,,,
@FunForLouis,,,,,,,,,,,,,,,,,,,
@ChrisBroad,,,,,,,,,,,,,,,,,,,
@SimonWhistler,,,,,,,,,,,,,,,,,,,
@DomAndInk,https://www.youtube.com/@DomAndInk/about,,,,,www.facebook.com/domandink,,,,,"http://www.youtube.com/@DomandInk, https://www.youtube.com/@DomAndInk, https://www.youtube.com/channel/UChcRVtSh5X9xLfd37I9O91g, www.youtube.com/@DomandInk, www.youtube.com/channel/UChcRVtSh5X9xLfd37I9O91g, youtube.com/@DomAndInk, youtube.com/channel/UChcRVtSh5X9xLfd37I9O91g",,,,,,,,
@ExploreWithJosh,https://www.youtube.com/@ExploreWithJosh/about,,,,,"facebook.com/profile.php, https://www.facebook.com/profile.php",,,,,"http://www.youtube.com/@explorewithjosh, https://www.youtube.com/@ExploreWithJosh, https://www.youtube.com/channel/UCNV3XZwMCv51hJEy3nyVdkA, www.youtube.com/@explorewithjosh, www.youtube.com/channel/UCNV3XZwMCv51hJEy3nyVdkA, youtube.com/@ExploreWithJosh, youtube.com/channel/UCNV3XZwMCv51hJEy3nyVdkA",,,,,,,,
@HowToBasic,https://www.youtube.com/@HowToBasic/about,"howtobasic@gmail.com, matt@humanmg.com","http://www.twitter.com/HowToBasic, http://www.twitter.com/howtobasic, twitter.com/howtobasic","http://instagram.com/HowToBasic, instagram.com/HowToBasic","https://www.tiktok.com/@howtobasic, tiktok.com/@howtobasic","facebook.com/howtobasic, http://www.facebook.com/HowToBasic, http://www.facebook.com/howtobasic",,,,,"http://www.youtube.com/@HowToBasic, https://www.youtube.com/@HowToBasic, https://www.youtube.com/channel/UCR4s1DE9J4DHzZYXMltSMAg, www.youtube.com/@HowToBasic, www.youtube.com/channel/UCR4s1DE9J4DHzZYXMltSMAg, youtube.com/@HowToBasic, youtube.com/channel/UCR4s1DE9J4DHzZYXMltSMAg",,,,,,,,
@JesseDriftwood,https://www.youtube.com/@JesseDriftwood/about,,"http://twitter.com/jessedriftwood1, twitter.com/jessedriftwood1","http://instagram.com/jessedriftwood, https://instagram.com/jessedriftwood, instagram.com/jessedriftwood",,,,,,,"http://www.youtube.com/@JesseDriftwood, https://www.youtube.com/@JesseDriftwood, https://www.youtube.com/channel/UC9uPmpbVinTDL4-aZN-Y1Uw, www.youtube.com/@JesseDriftwood, www.youtube.com/channel/UC9uPmpbVinTDL4-aZN-Y1Uw, youtube.com/@JesseDriftwood, youtube.com/channel/UC9uPmpbVinTDL4-aZN-Y1Uw",,,,,,,,
@FunForLouis,,,,,,,,,,,,,,,,,,,
@AlexWinter,,,,,,,,,,,,,,,,,,,
@SailorJ,https://www.youtube.com/@SailorJ/about,,,,,,,,,,"http://www.youtube.com/@SailorJ, https://www.youtube.com/@SailorJ, https://www.youtube.com/channel/UCJOzFn6EU1wxQlEhbor14RA, www.youtube.com/@SailorJ, www.youtube.com/channel/UCJOzFn6EU1wxQlEhbor14RA, youtube.com/@SailorJ, youtube.com/channel/UCJOzFn6EU1wxQlEhbor14RA",,,,,,,,
@MikeyMike,https://www.youtube.com/@MikeyMike/about,,,,,,,,,,"http://www.youtube.com/@mikeymike, https://www.youtube.com/@MikeyMike, https://www.youtube.com/channel/UCFWVi_LJhr6rPMtWpBSgk6w, www.youtube.com/@mikeymike, www.youtube.com/channel/UCFWVi_LJhr6rPMtWpBSgk6w, youtube.com/@MikeyMike, youtube.com/channel/UCFWVi_LJhr6rPMtWpBSgk6w",,,,,,,,
@DansAdventures,https://www.youtube.com/@DansAdventures/about,,,,,,,,,,"http://www.youtube.com/@DansAdventures, https://www.youtube.com/@DansAdventures, https://www.youtube.com/channel/UCdpq-ApBwpylTGu6Alqcz8Q, www.youtube.com/@DansAdventures, www.youtube.com/channel/UCdpq-ApBwpylTGu6Alqcz8Q, youtube.com/@DansAdventures, youtube.com/channel/UCdpq-ApBwpylTGu6Alqcz8Q",,,,,,,,
@NomadCapitalist,https://www.youtube.com/@NomadCapitalist/about,,"http://twitter.com/nomadcapitalist, twitter.com/nomadcapitalist","http://instagram.com/nomadcapitalist, instagram.com/nomadcapitalist",,"facebook.com/nomadcapitalist, http://facebook.com/nomadcapitalist",,,,,"http://www.youtube.com/@nomadcapitalist, https://www.youtube.com/@NomadCapitalist, https://www.youtube.com/channel/UC3k3floOm_HtKOv0l6JU-xQ, www.youtube.com/@nomadcapitalist, www.youtube.com/channel/UC3k3floOm_HtKOv0l6JU-xQ, youtube.com/@NomadCapitalist, youtube.com/channel/UC3k3floOm_HtKOv0l6JU-xQ",,,,,,,,
@EvanEraTV,https://www.youtube.com/@EvanEraTV/about,EvanEraTV@gmail.com,"http://www.twitter.com/EvnEra, https://twitter.com/evnera, twitter.com/EvnEra","http://www.instagram.com/EvanRosenman, https://instagram.com/EvanRosenman, instagram.com/EvanRosenman","https://www.tiktok.com/@evaneramagic, tiktok.com/@evaneramagic","facebook.com/EvanEraTV, http://www.facebook.com/EvanEraTV, https://facebook.com/EvanEraTV",,,,,"http://www.youtube.com/@EvanEraTV, https://www.youtube.com/@EvanEraTV, https://www.youtube.com/channel/UCWZZowzfDwihJ8VbQ3H8ivw, https://www.youtube.com/user/EvanEraTV, www.youtube.com/@EvanEraTV, www.youtube.com/channel/UCWZZowzfDwihJ8VbQ3H8ivw, youtube.com/@EvanEraTV, youtube.com/channel/UCWZZowzfDwihJ8VbQ3H8ivw, youtube.com/user/EvanEraTV","https://www.snapchat.com/add/evanrosenman, snapchat.com/add/evanrosenman",,,,,,,
@TravelingwithCrissyandJay,,,,,,,,,,,,,,,,,,,
@GaryVee,https://www.youtube.com/@GaryVee/about,,"http://twitter.com/garyvee, twitter.com/garyvee","http://instagram.com/garyvee, instagram.com/garyvee","https://www.tiktok.com/@garyvee, tiktok.com/@garyvee","facebook.com/gary, http://facebook.com/gary","https://www.linkedin.com/in/garyvaynerchuk, linkedin.com/in/garyvaynerchuk",twitch.tv/garyvee,,,"http://www.youtube.com/@garyvee, https://www.youtube.com/@GaryVee, https://www.youtube.com/channel/UCctXZhXmG-kf3tlIXgVZUlw, www.youtube.com/@garyvee, www.youtube.com/channel/UCctXZhXmG-kf3tlIXgVZUlw, youtube.com/@GaryVee, youtube.com/channel/UCctXZhXmG-kf3tlIXgVZUlw","http://www.snapchat.com/add/garyvee, snapchat.com/add/garyvee",,,,,,,
@ColdfusionTV,https://www.youtube.com/@ColdfusionTV/about,,,,,,,,,,"http://www.youtube.com/@coldfusiontv, https://www.youtube.com/@ColdfusionTV, https://www.youtube.com/channel/UCvXa_XHOMH8c5nZm_2VqpIg, www.youtube.com/@coldfusiontv, www.youtube.com/channel/UCvXa_XHOMH8c5nZm_2VqpIg, youtube.com/@ColdfusionTV, youtube.com/channel/UCvXa_XHOMH8c5nZm_2VqpIg",,,,,,,,
@ThoughtSlime,https://www.youtube.com/@ThoughtSlime/about,,"http://twitter.com/thoughtslime, twitter.com/thoughtslime",,,,,,"discord.gg/XJpSJAP, https://discord.gg/XJpSJAP","https://www.patreon.com/thoughtslime, patreon.com/thoughtslime","http://www.youtube.com/@ThoughtSlime, https://www.youtube.com/@ThoughtSlime, https://www.youtube.com/channel/UC8Ub, https://www.youtube.com/channel/UCJml, https://www.youtube.com/channel/UC_V9, https://www.youtube.com/channel/UCdX6, https://www.youtube.com/channel/UCo2Q, https://www.youtube.com/channel/UCrr7y8rEXb7_RiVniwvzk9w, https://www.youtube.com/user/NuLLx42, https://www.youtube.com/user/Radian2pi, https://www.youtube.com/user/anarchopac, https://www.youtube.com/user/tonyfigg, www.youtube.com/@ThoughtSlime, www.youtube.com/channel/UCrr7y8rEXb7_RiVniwvzk9w, youtube.com/@ThoughtSlime, youtube.com/channel/UCrr7y8rEXb7_RiVniwvzk9w",,,,,,,,
@PhilosophyTube,https://www.youtube.com/@PhilosophyTube/about,philosophytubebusiness@gmail.com,,,,,,,,"http://www.patreon.com/philosophytube, https://www.patreon.com/PhilosophyTube, patreon.com/philosophytube","http://www.youtube.com/@PhilosophyTube, https://www.youtube.com/@PhilosophyTube, https://www.youtube.com/channel/UC2PA-AKmVpU6NKCGtZq_rKQ, www.youtube.com/@PhilosophyTube, www.youtube.com/channel/UC2PA-AKmVpU6NKCGtZq_rKQ, youtube.com/@PhilosophyTube, youtube.com/channel/UC2PA-AKmVpU6NKCGtZq_rKQ",,,,,,,,
@contrapoints,https://www.youtube.com/@contrapoints/about,info@contrapoints.com,"https://twitter.com/ContraPoints, twitter.com/ContraPoints",,,"facebook.com/ContraPoints, https://www.facebook.com/ContraPoints/",,,,"https://www.patreon.com/contrapoints, patreon.com/contrapoints","http://www.youtube.com/@ContraPoints, https://www.youtube.com/@contrapoints, https://www.youtube.com/channel/UCNvsIonJdJ5E4EXMa65VYpA, www.youtube.com/@ContraPoints, www.youtube.com/channel/UCNvsIonJdJ5E4EXMa65VYpA, youtube.com/@contrapoints, youtube.com/channel/UCNvsIonJdJ5E4EXMa65VYpA",,,,,,,,
@hbomberguy,https://www.youtube.com/@hbomberguy/about,contact@hbomb.zone,,,,,,,,"https://www.patreon.com/hbomb, patreon.com/hbomb","http://www.youtube.com/@hbomberguy, https://www.youtube.com/@hbomberguy, https://www.youtube.com/channel/UClt01z1wHHT7c5lKcU8pxRQ, www.youtube.com/@hbomberguy, www.youtube.com/channel/UClt01z1wHHT7c5lKcU8pxRQ, youtube.com/@hbomberguy, youtube.com/channel/UClt01z1wHHT7c5lKcU8pxRQ",,,,,,,,
@LastWeekTonight,https://www.youtube.com/@LastWeekTonight/about,,,"https://www.instagram.com/lastweekton..., https://www.instagram.com/lastweektonight, instagram.com/lastweektonight","https://www.tiktok.com/@lastweektonig..., https://www.tiktok.com/@lastweektonighthbo, tiktok.com/@lastweektonighthbo","facebook.com/lastweektonight, https://www.facebook.com/lastweektonight",,,,,"http://www.youtube.com/@LastWeekTonight, https://www.youtube.com/@LastWeekTonight, https://www.youtube.com/channel/UC3XTzVzaHQEd30rQbuvCtTQ, www.youtube.com/@LastWeekTonight, www.youtube.com/channel/UC3XTzVzaHQEd30rQbuvCtTQ, youtube.com/@LastWeekTonight, youtube.com/channel/UC3XTzVzaHQEd30rQbuvCtTQ",,,"https://www.threads.net/@lastweektonight, threads.net/@lastweektonight",,,,,
@TheYoungTurks,https://www.youtube.com/@TheYoungTurks/about,,"http://www.twitter.com/theyoungturks, twitter.com/theyoungturks","http://instagram.com/theyoungturks, instagram.com/theyoungturks",,"facebook.com/theyoungturks, http://www.facebook.com/theyoungturks",,,,,"http://www.youtube.com/@TheYoungTurks, https://www.youtube.com/@TheYoungTurks, https://www.youtube.com/channel/UC1yBKRuGpC1tSM73A0ZjYjQ, www.youtube.com/@TheYoungTurks, www.youtube.com/channel/UC1yBKRuGpC1tSM73A0ZjYjQ, youtube.com/@TheYoungTurks, youtube.com/channel/UC1yBKRuGpC1tSM73A0ZjYjQ",,,,,,,,
@DemocracyNow,https://www.youtube.com/@DemocracyNow/about,,"http://twitter.com/democracynow, twitter.com/democracynow","https://www.instagram.com/democracynow, instagram.com/democracynow","https://www.tiktok.com/@democracynow.org, tiktok.com/@democracynow.org","facebook.com/democracynow, https://www.facebook.com/democracynow",,,,,"http://www.youtube.com/@DemocracyNow, https://www.youtube.com/channel/UCzuqE7-t13O4NIDYJfakrhw, www.youtube.com/@DemocracyNow, www.youtube.com/channel/UCzuqE7-t13O4NIDYJfakrhw, youtube.com/channel/UCzuqE7-t13O4NIDYJfakrhw",,,,,,,,
@SourceFed,https://www.youtube.com/@SourceFed/about,,"http://twitter.com/sourcefed, twitter.com/sourcefed","http://instagram.com/sourcefedofficial, instagram.com/sourcefedofficial",,"facebook.com/pages/SourceFed/322741577776002, http://www.facebook.com/pages/SourceFed/322741577776002",,,,,"http://www.youtube.com/@SourceFed, https://www.youtube.com/@SourceFed, https://www.youtube.com/channel/UC_gE-kg7JvuwCNlbZ1-shlA, www.youtube.com/@SourceFed, www.youtube.com/channel/UC_gE-kg7JvuwCNlbZ1-shlA, youtube.com/@SourceFed, youtube.com/channel/UC_gE-kg7JvuwCNlbZ1-shlA",,,,,,,,
@SecondThought,https://www.youtube.com/@SecondThought/about,"jtchapmanchannel@gmail.com, secondthoughtchannel@gmail.com","https://twitter.com/_SecondThought, https://www.twitter.com/_SecondThought, twitter.com/_SecondThought",,,,,,,"https://www.patreon.com/secondthought, patreon.com/secondthought","http://www.youtube.com/@SecondThought, https://www.youtube.com/@JTChapman, https://www.youtube.com/@SecondThought, https://www.youtube.com/@firstthought, https://www.youtube.com/@firstthoughtnews, https://www.youtube.com/channel/UCJm2TgUqtK1_NLBrjNQ1P-w, https://www.youtube.com/channel/UCmd0, https://youtube.com/@firstthoughtnews, www.youtube.com/@SecondThought, www.youtube.com/channel/UCJm2TgUqtK1_NLBrjNQ1P-w, youtube.com/@SecondThought, youtube.com/channel/UCJm2TgUqtK1_NLBrjNQ1P-w",,,,,,,,
@ImpactTheory,https://www.youtube.com/@ImpactTheory/about,,,,,,,,,,"http://www.youtube.com/@impacttheory, https://www.youtube.com/@ImpactTheory, https://www.youtube.com/channel/UCGNp0LDrJrFD9UuTgggNttQ, www.youtube.com/@impacttheory, www.youtube.com/channel/UCGNp0LDrJrFD9UuTgggNttQ, youtube.com/@ImpactTheory, youtube.com/channel/UCGNp0LDrJrFD9UuTgggNttQ",,,,,,,,
@LexFridman,https://www.youtube.com/@LexFridman/about,,"https://twitter.com/lexfridman, twitter.com/lexfridman",,,,,,,,"http://www.youtube.com/@lexfridman, https://www.youtube.com/@LexFridman, https://www.youtube.com/channel/UCSHZKyawb77ixDdsGog4iWA, www.youtube.com/@lexfridman, www.youtube.com/channel/UCSHZKyawb77ixDdsGog4iWA, youtube.com/@LexFridman, youtube.com/channel/UCSHZKyawb77ixDdsGog4iWA",,,,,,,,
@JoeRogan,https://www.youtube.com/@JoeRogan/about,,,,,,,,,,"http://www.youtube.com/@joerogan, https://www.youtube.com/@JoeRogan, https://www.youtube.com/channel/UCzQUP1qoWDoEbmsQxvdjxgQ, www.youtube.com/@joerogan, www.youtube.com/channel/UCzQUP1qoWDoEbmsQxvdjxgQ, youtube.com/@JoeRogan, youtube.com/channel/UCzQUP1qoWDoEbmsQxvdjxgQ",,,,,,,,
@AndrewHuberman,,,,,,,,,,,,,,,,,,,
@ChrisWilliamson,https://www.youtube.com/@ChrisWilliamson/about,,,,,,,,,,"http://www.youtube.com/@ChrisWilliamson, https://www.youtube.com/@ChrisWilliamson, https://www.youtube.com/channel/UCEioQiyj_jPlbwA2QBjApWg, www.youtube.com/@ChrisWilliamson, www.youtube.com/channel/UCEioQiyj_jPlbwA2QBjApWg, youtube.com/@ChrisWilliamson, youtube.com/channel/UCEioQiyj_jPlbwA2QBjApWg",,,,,,,,
@ColinandSamir,https://www.youtube.com/@ColinandSamir/about,"colinandsamir@gmail.com, colinandsamirteam@unitedtalent.com",http://www.twitter.com/@colinandsamir,,,,,,,,"http://www.youtube.com/@ColinandSamir, https://www.youtube.com/@ColinandSamir, https://www.youtube.com/channel/UCamLstJyCa-t5gfZegxsFMw, www.youtube.com/@ColinandSamir, www.youtube.com/channel/UCamLstJyCa-t5gfZegxsFMw, youtube.com/@ColinandSamir, youtube.com/channel/UCamLstJyCa-t5gfZegxsFMw",,,,,,,,
@CreatorSupport,,,,,,,,,,,,,,,,,,,
@JacksonWard,https://www.youtube.com/@JacksonWard/about,,,,,,,,,,"http://www.youtube.com/@jacksonward, https://www.youtube.com/@JacksonWard, https://www.youtube.com/channel/UCkrNsosZjJ4apAONbS7FxRg, www.youtube.com/@jacksonward, www.youtube.com/channel/UCkrNsosZjJ4apAONbS7FxRg, youtube.com/@JacksonWard, youtube.com/channel/UCkrNsosZjJ4apAONbS7FxRg",,,,,,,,
@CourageJD,https://www.youtube.com/@CourageJD/about,,"http://twitter.com/CouRageJD, twitter.com/CouRageJD","http://instagram.com/CouRageJD, instagram.com/CouRageJD",,,,,"discord.gg/CouRageJD, http://Discord.gg/CouRageJD",,"http://www.youtube.com/@CouRageJD, https://www.youtube.com/@CouRageGaming, https://www.youtube.com/@CourageJD, https://www.youtube.com/c/CouRageReacts, https://www.youtube.com/channel/UCVDYbtRWurLxFk4lsqI3W4g, https://www.youtube.com/channel/UCrgTEmBuoObZiEXvZ6r3PQg, www.youtube.com/@CouRageJD, www.youtube.com/channel/UCrgTEmBuoObZiEXvZ6r3PQg, youtube.com/@CouRageGaming, youtube.com/@CourageJD, youtube.com/c/CouRageReacts, youtube.com/channel/UCVDYbtRWurLxFk4lsqI3W4g, youtube.com/channel/UCrgTEmBuoObZiEXvZ6r3PQg",,,,,,,,
@SunnyV2,https://www.youtube.com/@SunnyV2/about,,,,,,,,,,"http://www.youtube.com/@SunnyV2, https://www.youtube.com/@SunnyV2, https://www.youtube.com/channel/UCuF49lP5gkkw5L8HK3H6GJg, www.youtube.com/@SunnyV2, www.youtube.com/channel/UCuF49lP5gkkw5L8HK3H6GJg, youtube.com/@SunnyV2, youtube.com/channel/UCuF49lP5gkkw5L8HK3H6GJg",,,,,,,,
